{
"meta":{"test_sets":[],"test_metrics":[],"learn_metrics":[{"best_value":"Min","name":"Logloss"}],"launch_mode":"Train","parameters":"","iteration_count":1000,"learn_sets":["learn"],"name":"experiment"},
"iterations":[
{"learn":[0.6402610448],"iteration":0,"passed_time":0.069036261,"remaining_time":68.96722474},
{"learn":[0.6038878757],"iteration":1,"passed_time":0.07347983626,"remaining_time":36.66643829},
{"learn":[0.5664044754],"iteration":2,"passed_time":0.07701448393,"remaining_time":25.59448016},
{"learn":[0.5366225764],"iteration":3,"passed_time":0.07997736927,"remaining_time":19.91436495},
{"learn":[0.5121124802],"iteration":4,"passed_time":0.08301532581,"remaining_time":16.52004984},
{"learn":[0.4925048371],"iteration":5,"passed_time":0.08604254645,"remaining_time":14.25438186},
{"learn":[0.4713724757],"iteration":6,"passed_time":0.08915441805,"remaining_time":12.64719102},
{"learn":[0.4528443365],"iteration":7,"passed_time":0.09252201883,"remaining_time":11.47273034},
{"learn":[0.4370860071],"iteration":8,"passed_time":0.09570414833,"remaining_time":10.53809011},
{"learn":[0.4241898942],"iteration":9,"passed_time":0.09889802007,"remaining_time":9.790903987},
{"learn":[0.4143725638],"iteration":10,"passed_time":0.1020317865,"remaining_time":9.17358517},
{"learn":[0.4038680162],"iteration":11,"passed_time":0.1054340315,"remaining_time":8.680735261},
{"learn":[0.3955348186],"iteration":12,"passed_time":0.1088736296,"remaining_time":8.266020957},
{"learn":[0.3871625758],"iteration":13,"passed_time":0.1120127318,"remaining_time":7.888896681},
{"learn":[0.3806080557],"iteration":14,"passed_time":0.115100746,"remaining_time":7.558282318},
{"learn":[0.3743083802],"iteration":15,"passed_time":0.1182929111,"remaining_time":7.275014032},
{"learn":[0.3696039671],"iteration":16,"passed_time":0.1215510444,"remaining_time":7.028510392},
{"learn":[0.365207261],"iteration":17,"passed_time":0.1246053766,"remaining_time":6.797915548},
{"learn":[0.361128096],"iteration":18,"passed_time":0.1277777145,"remaining_time":6.597365152},
{"learn":[0.3563060126],"iteration":19,"passed_time":0.1309798119,"remaining_time":6.418010783},
{"learn":[0.3526169858],"iteration":20,"passed_time":0.1340922011,"remaining_time":6.251250708},
{"learn":[0.3499776462],"iteration":21,"passed_time":0.1375226725,"remaining_time":6.113507898},
{"learn":[0.3475192436],"iteration":22,"passed_time":0.1410662558,"remaining_time":5.992249213},
{"learn":[0.3448763823],"iteration":23,"passed_time":0.1441640276,"remaining_time":5.862670455},
{"learn":[0.3433773013],"iteration":24,"passed_time":0.1472899685,"remaining_time":5.744308773},
{"learn":[0.3416246343],"iteration":25,"passed_time":0.150289925,"remaining_time":5.630091805},
{"learn":[0.3393373399],"iteration":26,"passed_time":0.1534340203,"remaining_time":5.529307473},
{"learn":[0.3371353701],"iteration":27,"passed_time":0.1566678644,"remaining_time":5.438613005},
{"learn":[0.3355012427],"iteration":28,"passed_time":0.1598323519,"remaining_time":5.351628057},
{"learn":[0.3336728694],"iteration":29,"passed_time":0.1629288858,"remaining_time":5.268033973},
{"learn":[0.3316139638],"iteration":30,"passed_time":0.1660575689,"remaining_time":5.190638202},
{"learn":[0.329710736],"iteration":31,"passed_time":0.1692729621,"remaining_time":5.120507104},
{"learn":[0.3280568078],"iteration":32,"passed_time":0.1726486328,"remaining_time":5.059128117},
{"learn":[0.3268916279],"iteration":33,"passed_time":0.1758019753,"remaining_time":4.994844358},
{"learn":[0.3258716138],"iteration":34,"passed_time":0.1787743202,"remaining_time":4.929063401},
{"learn":[0.3245492234],"iteration":35,"passed_time":0.1818152793,"remaining_time":4.868609147},
{"learn":[0.3233942067],"iteration":36,"passed_time":0.1849263221,"remaining_time":4.813082383},
{"learn":[0.3222514263],"iteration":37,"passed_time":0.1885472416,"remaining_time":4.773222274},
{"learn":[0.3209479129],"iteration":38,"passed_time":0.1915832255,"remaining_time":4.720807173},
{"learn":[0.3200539775],"iteration":39,"passed_time":0.1954869173,"remaining_time":4.691686014},
{"learn":[0.3194013977],"iteration":40,"passed_time":0.199383763,"remaining_time":4.663634847},
{"learn":[0.3181984575],"iteration":41,"passed_time":0.2031564846,"remaining_time":4.633902674},
{"learn":[0.3173845372],"iteration":42,"passed_time":0.2069751869,"remaining_time":4.606401253},
{"learn":[0.3163231881],"iteration":43,"passed_time":0.2105484797,"remaining_time":4.57464424},
{"learn":[0.3153559419],"iteration":44,"passed_time":0.2141786616,"remaining_time":4.545347152},
{"learn":[0.3144672819],"iteration":45,"passed_time":0.2176646406,"remaining_time":4.514175372},
{"learn":[0.3135917716],"iteration":46,"passed_time":0.2219024105,"remaining_time":4.499425472},
{"learn":[0.312670687],"iteration":47,"passed_time":0.226192233,"remaining_time":4.486145955},
{"learn":[0.3121856552],"iteration":48,"passed_time":0.2295739741,"remaining_time":4.455609171},
{"learn":[0.3115146702],"iteration":49,"passed_time":0.2341550882,"remaining_time":4.448946676},
{"learn":[0.3109840299],"iteration":50,"passed_time":0.2379021958,"remaining_time":4.426846741},
{"learn":[0.3102278814],"iteration":51,"passed_time":0.2414809889,"remaining_time":4.402384182},
{"learn":[0.3096293463],"iteration":52,"passed_time":0.2449032851,"remaining_time":4.375913415},
{"learn":[0.3086472202],"iteration":53,"passed_time":0.2489998566,"remaining_time":4.362108599},
{"learn":[0.3082308398],"iteration":54,"passed_time":0.25303789,"remaining_time":4.347651018},
{"learn":[0.3078294762],"iteration":55,"passed_time":0.2567384416,"remaining_time":4.327876587},
{"learn":[0.3073404178],"iteration":56,"passed_time":0.2599490431,"remaining_time":4.300560485},
{"learn":[0.3069809656],"iteration":57,"passed_time":0.2637245778,"remaining_time":4.283250902},
{"learn":[0.3064686452],"iteration":58,"passed_time":0.2677205277,"remaining_time":4.269915535},
{"learn":[0.3059357608],"iteration":59,"passed_time":0.2715866247,"remaining_time":4.254857121},
{"learn":[0.305585755],"iteration":60,"passed_time":0.2749307543,"remaining_time":4.232130791},
{"learn":[0.3049938023],"iteration":61,"passed_time":0.2781702909,"remaining_time":4.208447305},
{"learn":[0.3046051628],"iteration":62,"passed_time":0.2822303073,"remaining_time":4.19761584},
{"learn":[0.3041247407],"iteration":63,"passed_time":0.2860099791,"remaining_time":4.182895944},
{"learn":[0.3035494664],"iteration":64,"passed_time":0.2897458351,"remaining_time":4.167882398},
{"learn":[0.3032158555],"iteration":65,"passed_time":0.2930192957,"remaining_time":4.146667003},
{"learn":[0.3027324104],"iteration":66,"passed_time":0.2968446353,"remaining_time":4.133672309},
{"learn":[0.3022554384],"iteration":67,"passed_time":0.3006131734,"remaining_time":4.120168788},
{"learn":[0.30186748],"iteration":68,"passed_time":0.3044781207,"remaining_time":4.108248266},
{"learn":[0.3015551507],"iteration":69,"passed_time":0.3087842884,"remaining_time":4.102419832},
{"learn":[0.3012207528],"iteration":70,"passed_time":0.3140408027,"remaining_time":4.109069095},
{"learn":[0.300931718],"iteration":71,"passed_time":0.3181895314,"remaining_time":4.101109516},
{"learn":[0.3002941525],"iteration":72,"passed_time":0.3222499732,"remaining_time":4.092133221},
{"learn":[0.2999596883],"iteration":73,"passed_time":0.3267341677,"remaining_time":4.088592423},
{"learn":[0.2996711446],"iteration":74,"passed_time":0.331039334,"remaining_time":4.082818452},
{"learn":[0.2995037336],"iteration":75,"passed_time":0.3349472489,"remaining_time":4.072253395},
{"learn":[0.2992724229],"iteration":76,"passed_time":0.338340163,"remaining_time":4.055687927},
{"learn":[0.2989472564],"iteration":77,"passed_time":0.341605873,"remaining_time":4.037956601},
{"learn":[0.2986740853],"iteration":78,"passed_time":0.3456575114,"remaining_time":4.029754025},
{"learn":[0.2981341513],"iteration":79,"passed_time":0.3494861888,"remaining_time":4.019091172},
{"learn":[0.2979276489],"iteration":80,"passed_time":0.3532053471,"remaining_time":4.007354494},
{"learn":[0.2976477773],"iteration":81,"passed_time":0.3560703105,"remaining_time":3.98625055},
{"learn":[0.2973607161],"iteration":82,"passed_time":0.3593209269,"remaining_time":3.969846867},
{"learn":[0.2971063288],"iteration":83,"passed_time":0.3637710725,"remaining_time":3.966836933},
{"learn":[0.2966384266],"iteration":84,"passed_time":0.3677451607,"remaining_time":3.958668495},
{"learn":[0.2964002422],"iteration":85,"passed_time":0.371169069,"remaining_time":3.944750338},
{"learn":[0.296168992],"iteration":86,"passed_time":0.3740763351,"remaining_time":3.925651655},
{"learn":[0.2958479449],"iteration":87,"passed_time":0.3778045211,"remaining_time":3.915428673},
{"learn":[0.2956672869],"iteration":88,"passed_time":0.3819801246,"remaining_time":3.909931388},
{"learn":[0.2954524608],"iteration":89,"passed_time":0.3858873861,"remaining_time":3.901750238},
{"learn":[0.295296005],"iteration":90,"passed_time":0.3892312457,"remaining_time":3.88803519},
{"learn":[0.2951085947],"iteration":91,"passed_time":0.3935571614,"remaining_time":3.884238072},
{"learn":[0.2947032302],"iteration":92,"passed_time":0.397583463,"remaining_time":3.877507537},
{"learn":[0.2942806919],"iteration":93,"passed_time":0.4014247027,"remaining_time":3.869050858},
{"learn":[0.2940926324],"iteration":94,"passed_time":0.405001512,"remaining_time":3.858172298},
{"learn":[0.2939105846],"iteration":95,"passed_time":0.4089676906,"remaining_time":3.85111242},
{"learn":[0.2937935461],"iteration":96,"passed_time":0.4131231002,"remaining_time":3.845877933},
{"learn":[0.2936817507],"iteration":97,"passed_time":0.4170169214,"remaining_time":3.838257787},
{"learn":[0.2935160484],"iteration":98,"passed_time":0.4202497459,"remaining_time":3.824697182},
{"learn":[0.2933540294],"iteration":99,"passed_time":0.4236254077,"remaining_time":3.812628669},
{"learn":[0.2932277294],"iteration":100,"passed_time":0.4279668855,"remaining_time":3.809329011},
{"learn":[0.2930521699],"iteration":101,"passed_time":0.4319668539,"remaining_time":3.803002302},
{"learn":[0.292938318],"iteration":102,"passed_time":0.4356706384,"remaining_time":3.794141385},
{"learn":[0.2928014957],"iteration":103,"passed_time":0.4393840948,"remaining_time":3.785462971},
{"learn":[0.2926842826],"iteration":104,"passed_time":0.4442667024,"remaining_time":3.786844749},
{"learn":[0.2924599212],"iteration":105,"passed_time":0.4483996896,"remaining_time":3.781786061},
{"learn":[0.2920466246],"iteration":106,"passed_time":0.4520804828,"remaining_time":3.772970759},
{"learn":[0.2917836695],"iteration":107,"passed_time":0.4553594258,"remaining_time":3.760931554},
{"learn":[0.2914351986],"iteration":108,"passed_time":0.4593476311,"remaining_time":3.754850819},
{"learn":[0.2913131411],"iteration":109,"passed_time":0.4633570057,"remaining_time":3.74897941},
{"learn":[0.291173347],"iteration":110,"passed_time":0.4675655528,"remaining_time":3.744736725},
{"learn":[0.2910385348],"iteration":111,"passed_time":0.4711139626,"remaining_time":3.735260703},
{"learn":[0.2906895243],"iteration":112,"passed_time":0.4751819703,"remaining_time":3.729968209},
{"learn":[0.2905446624],"iteration":113,"passed_time":0.4793001546,"remaining_time":3.725087166},
{"learn":[0.2902385825],"iteration":114,"passed_time":0.4834925403,"remaining_time":3.720790419},
{"learn":[0.2899566817],"iteration":115,"passed_time":0.4869052957,"remaining_time":3.71055415},
{"learn":[0.2897098054],"iteration":116,"passed_time":0.4909704026,"remaining_time":3.705357825},
{"learn":[0.2896185971],"iteration":117,"passed_time":0.4952910143,"remaining_time":3.702090463},
{"learn":[0.2894901216],"iteration":118,"passed_time":0.4994753082,"remaining_time":3.697796189},
{"learn":[0.2893211087],"iteration":119,"passed_time":0.5031741484,"remaining_time":3.689943755},
{"learn":[0.2892135463],"iteration":120,"passed_time":0.5073330081,"remaining_time":3.685501769},
{"learn":[0.2890233643],"iteration":121,"passed_time":0.5115153782,"remaining_time":3.681233624},
{"learn":[0.2889565894],"iteration":122,"passed_time":0.5153098817,"remaining_time":3.674201352},
{"learn":[0.2888259525],"iteration":123,"passed_time":0.519205079,"remaining_time":3.667932655},
{"learn":[0.2887424615],"iteration":124,"passed_time":0.5244702877,"remaining_time":3.671292014},
{"learn":[0.2886289413],"iteration":125,"passed_time":0.5287049036,"remaining_time":3.66736576},
{"learn":[0.2884331538],"iteration":126,"passed_time":0.5328760507,"remaining_time":3.662998364},
{"learn":[0.2882708424],"iteration":127,"passed_time":0.5363132496,"remaining_time":3.653634013},
{"learn":[0.2880975108],"iteration":128,"passed_time":0.5407365516,"remaining_time":3.651019663},
{"learn":[0.2880151778],"iteration":129,"passed_time":0.5449456564,"remaining_time":3.646944008},
{"learn":[0.2878920294],"iteration":130,"passed_time":0.5492937691,"remaining_time":3.643788438},
{"learn":[0.2878015914],"iteration":131,"passed_time":0.5529706936,"remaining_time":3.636201228},
{"learn":[0.2877421705],"iteration":132,"passed_time":0.5572558235,"remaining_time":3.632637586},
{"learn":[0.2875842745],"iteration":133,"passed_time":0.5616012929,"remaining_time":3.629453132},
{"learn":[0.2875109891],"iteration":134,"passed_time":0.5656886316,"remaining_time":3.624597528},
{"learn":[0.2874313992],"iteration":135,"passed_time":0.569303556,"remaining_time":3.616752003},
{"learn":[0.2872780847],"iteration":136,"passed_time":0.5738688693,"remaining_time":3.614954994},
{"learn":[0.2872508456],"iteration":137,"passed_time":0.5773856579,"remaining_time":3.606568385},
{"learn":[0.2871717608],"iteration":138,"passed_time":0.5816218598,"remaining_time":3.602708067},
{"learn":[0.2870241667],"iteration":139,"passed_time":0.5873685084,"remaining_time":3.608120837},
{"learn":[0.2869236246],"iteration":140,"passed_time":0.5924725167,"remaining_time":3.609460226},
{"learn":[0.2868479312],"iteration":141,"passed_time":0.5967813757,"remaining_time":3.605904369},
{"learn":[0.2867535831],"iteration":142,"passed_time":0.6013677146,"remaining_time":3.604000919},
{"learn":[0.2866444725],"iteration":143,"passed_time":0.6059842926,"remaining_time":3.602239962},
{"learn":[0.286453147],"iteration":144,"passed_time":0.6098382568,"remaining_time":3.595942825},
{"learn":[0.2863501049],"iteration":145,"passed_time":0.6135845511,"remaining_time":3.589049361},
{"learn":[0.2862115403],"iteration":146,"passed_time":0.6173579598,"remaining_time":3.582356052},
{"learn":[0.286136784],"iteration":147,"passed_time":0.6220193831,"remaining_time":3.580814287},
{"learn":[0.2860589307],"iteration":148,"passed_time":0.6257960588,"remaining_time":3.57417749},
{"learn":[0.285966132],"iteration":149,"passed_time":0.6297916533,"remaining_time":3.568819368},
{"learn":[0.2858714497],"iteration":150,"passed_time":0.6334150353,"remaining_time":3.561386523},
{"learn":[0.2857836604],"iteration":151,"passed_time":0.6373144133,"remaining_time":3.555543569},
{"learn":[0.2857392674],"iteration":152,"passed_time":0.6409723446,"remaining_time":3.548389385},
{"learn":[0.2856349588],"iteration":153,"passed_time":0.6448435249,"remaining_time":3.542452092},
{"learn":[0.2855415454],"iteration":154,"passed_time":0.648581467,"remaining_time":3.535815094},
{"learn":[0.2854851077],"iteration":155,"passed_time":0.6523983809,"remaining_time":3.529642522},
{"learn":[0.2853501369],"iteration":156,"passed_time":0.6565585001,"remaining_time":3.525342774},
{"learn":[0.2852625407],"iteration":157,"passed_time":0.6604453599,"remaining_time":3.519588563},
{"learn":[0.2851794752],"iteration":158,"passed_time":0.6642093558,"remaining_time":3.513207977},
{"learn":[0.2849947689],"iteration":159,"passed_time":0.6680156124,"remaining_time":3.507081965},
{"learn":[0.2848599531],"iteration":160,"passed_time":0.671666787,"remaining_time":3.500176611},
{"learn":[0.2847597187],"iteration":161,"passed_time":0.6754049318,"remaining_time":3.493761314},
{"learn":[0.28459769],"iteration":162,"passed_time":0.6790674,"remaining_time":3.486990269},
{"learn":[0.284501882],"iteration":163,"passed_time":0.6829155518,"remaining_time":3.481203666},
{"learn":[0.2844301151],"iteration":164,"passed_time":0.6867498697,"remaining_time":3.475370553},
{"learn":[0.2843485303],"iteration":165,"passed_time":0.6905065242,"remaining_time":3.469171332},
{"learn":[0.2842607991],"iteration":166,"passed_time":0.6942719583,"remaining_time":3.463045157},
{"learn":[0.2842138784],"iteration":167,"passed_time":0.6980055161,"remaining_time":3.456789223},
{"learn":[0.2842059801],"iteration":168,"passed_time":0.7005276789,"remaining_time":3.444606516},
{"learn":[0.2840781121],"iteration":169,"passed_time":0.7042293675,"remaining_time":3.438296323},
{"learn":[0.2839938634],"iteration":170,"passed_time":0.7081135255,"remaining_time":3.432901244},
{"learn":[0.2838762934],"iteration":171,"passed_time":0.7115792694,"remaining_time":3.425509506},
{"learn":[0.2837937544],"iteration":172,"passed_time":0.715518959,"remaining_time":3.420428781},
{"learn":[0.283584172],"iteration":173,"passed_time":0.719367831,"remaining_time":3.414930049},
{"learn":[0.2834972012],"iteration":174,"passed_time":0.7231212794,"remaining_time":3.409000317},
{"learn":[0.2831506985],"iteration":175,"passed_time":0.7268475225,"remaining_time":3.402967946},
{"learn":[0.2830150484],"iteration":176,"passed_time":0.7305938993,"remaining_time":3.397055249},
{"learn":[0.2828503511],"iteration":177,"passed_time":0.7345690892,"remaining_time":3.392223547},
{"learn":[0.2827806493],"iteration":178,"passed_time":0.7383438267,"remaining_time":3.386482021},
{"learn":[0.2827315821],"iteration":179,"passed_time":0.7419977772,"remaining_time":3.380212096},
{"learn":[0.2826578797],"iteration":180,"passed_time":0.7455709445,"remaining_time":3.373605545},
{"learn":[0.2825005665],"iteration":181,"passed_time":0.7494138047,"remaining_time":3.368244463},
{"learn":[0.2824094668],"iteration":182,"passed_time":0.7531853986,"remaining_time":3.362581807},
{"learn":[0.2823194686],"iteration":183,"passed_time":0.7573338749,"remaining_time":3.358611097},
{"learn":[0.2822254287],"iteration":184,"passed_time":0.7610548852,"remaining_time":3.352755305},
{"learn":[0.2821488185],"iteration":185,"passed_time":0.7649735228,"remaining_time":3.347787353},
{"learn":[0.282084449],"iteration":186,"passed_time":0.7688904855,"remaining_time":3.342823341},
{"learn":[0.2820181394],"iteration":187,"passed_time":0.7727141553,"remaining_time":3.337467522},
{"learn":[0.2819556422],"iteration":188,"passed_time":0.7765424197,"remaining_time":3.332147632},
{"learn":[0.2818738435],"iteration":189,"passed_time":0.7802970098,"remaining_time":3.326529358},
{"learn":[0.2817701986],"iteration":190,"passed_time":0.7849073736,"remaining_time":3.324555315},
{"learn":[0.2817249571],"iteration":191,"passed_time":0.7893222841,"remaining_time":3.321731279},
{"learn":[0.2815964311],"iteration":192,"passed_time":0.7935995019,"remaining_time":3.318315016},
{"learn":[0.2815366821],"iteration":193,"passed_time":0.798007514,"remaining_time":3.31543328},
{"learn":[0.2814733952],"iteration":194,"passed_time":0.8026652605,"remaining_time":3.313566845},
{"learn":[0.2814056756],"iteration":195,"passed_time":0.8065873794,"remaining_time":3.308654352},
{"learn":[0.2812913387],"iteration":196,"passed_time":0.8104058682,"remaining_time":3.303329503},
{"learn":[0.2812545864],"iteration":197,"passed_time":0.8151002231,"remaining_time":3.30156757},
{"learn":[0.2811964573],"iteration":198,"passed_time":0.8193477402,"remaining_time":3.297977587},
{"learn":[0.2811374061],"iteration":199,"passed_time":0.8232545038,"remaining_time":3.293018015},
{"learn":[0.2810733229],"iteration":200,"passed_time":0.82702812,"remaining_time":3.287539641},
{"learn":[0.2808472351],"iteration":201,"passed_time":0.8307067046,"remaining_time":3.281702724},
{"learn":[0.2807413994],"iteration":202,"passed_time":0.8346266659,"remaining_time":3.276834742},
{"learn":[0.2806618159],"iteration":203,"passed_time":0.8384535273,"remaining_time":3.271612783},
{"learn":[0.2805932861],"iteration":204,"passed_time":0.8421091487,"remaining_time":3.265740357},
{"learn":[0.2805237448],"iteration":205,"passed_time":0.8461560444,"remaining_time":3.261397569},
{"learn":[0.2804694944],"iteration":206,"passed_time":0.8499668254,"remaining_time":3.256153104},
{"learn":[0.2803978837],"iteration":207,"passed_time":0.8535877862,"remaining_time":3.250199647},
{"learn":[0.2803475458],"iteration":208,"passed_time":0.8572414958,"remaining_time":3.244392456},
{"learn":[0.2802659844],"iteration":209,"passed_time":0.8615251242,"remaining_time":3.240975467},
{"learn":[0.2801782743],"iteration":210,"passed_time":0.8655232345,"remaining_time":3.236482616},
{"learn":[0.2800874181],"iteration":211,"passed_time":0.8693328802,"remaining_time":3.231293913},
{"learn":[0.2800007928],"iteration":212,"passed_time":0.8730207606,"remaining_time":3.225668256},
{"learn":[0.2799292836],"iteration":213,"passed_time":0.8769341879,"remaining_time":3.22088912},
{"learn":[0.2798647631],"iteration":214,"passed_time":0.8809936374,"remaining_time":3.216651188},
{"learn":[0.2798233169],"iteration":215,"passed_time":0.884651886,"remaining_time":3.210958697},
{"learn":[0.2797365758],"iteration":216,"passed_time":0.888450247,"remaining_time":3.205790523},
{"learn":[0.2796788342],"iteration":217,"passed_time":0.8921601372,"remaining_time":3.200317556},
{"learn":[0.2796081516],"iteration":218,"passed_time":0.8960592604,"remaining_time":3.195535536},
{"learn":[0.2795428794],"iteration":219,"passed_time":0.899831466,"remaining_time":3.190311561},
{"learn":[0.2794470147],"iteration":220,"passed_time":0.9035999909,"remaining_time":3.185087751},
{"learn":[0.2793904325],"iteration":221,"passed_time":0.9073298274,"remaining_time":3.179741467},
{"learn":[0.2793020812],"iteration":222,"passed_time":0.9111450416,"remaining_time":3.174707163},
{"learn":[0.2792487937],"iteration":223,"passed_time":0.9148267005,"remaining_time":3.16922107},
{"learn":[0.2791491014],"iteration":224,"passed_time":0.9183979594,"remaining_time":3.163370749},
{"learn":[0.2790722934],"iteration":225,"passed_time":0.9221044781,"remaining_time":3.158003832},
{"learn":[0.2790252091],"iteration":226,"passed_time":0.9260077752,"remaining_time":3.153321631},
{"learn":[0.2789394377],"iteration":227,"passed_time":0.9298892392,"remaining_time":3.148572336},
{"learn":[0.2788848273],"iteration":228,"passed_time":0.9336032885,"remaining_time":3.143266967},
{"learn":[0.2788312296],"iteration":229,"passed_time":0.9373220751,"remaining_time":3.137991295},
{"learn":[0.2787664014],"iteration":230,"passed_time":0.9411265846,"remaining_time":3.133014474},
{"learn":[0.2786729064],"iteration":231,"passed_time":0.9448211795,"remaining_time":3.127683905},
{"learn":[0.2784361997],"iteration":232,"passed_time":0.9483907082,"remaining_time":3.121955679},
{"learn":[0.2783766151],"iteration":233,"passed_time":0.9519777474,"remaining_time":3.116303224},
{"learn":[0.2783199379],"iteration":234,"passed_time":0.9556592497,"remaining_time":3.110975855},
{"learn":[0.2782534943],"iteration":235,"passed_time":0.9596161066,"remaining_time":3.106553837},
{"learn":[0.2781204004],"iteration":236,"passed_time":0.9636005446,"remaining_time":3.102224538},
{"learn":[0.2780354345],"iteration":237,"passed_time":0.9673277907,"remaining_time":3.097074691},
{"learn":[0.2779345431],"iteration":238,"passed_time":0.9709954052,"remaining_time":3.091746876},
{"learn":[0.2778575703],"iteration":239,"passed_time":0.9752229371,"remaining_time":3.088205968},
{"learn":[0.2778091127],"iteration":240,"passed_time":0.9789656343,"remaining_time":3.083132433},
{"learn":[0.277744513],"iteration":241,"passed_time":0.9839150538,"remaining_time":3.081849631},
{"learn":[0.2776957971],"iteration":242,"passed_time":0.9884129949,"remaining_time":3.079130194},
{"learn":[0.2776084212],"iteration":243,"passed_time":0.9926700589,"remaining_time":3.075649855},
{"learn":[0.2775510617],"iteration":244,"passed_time":0.9974214933,"remaining_time":3.073686643},
{"learn":[0.2773101479],"iteration":245,"passed_time":1.001556078,"remaining_time":3.069810094},
{"learn":[0.2772357593],"iteration":246,"passed_time":1.005393604,"remaining_time":3.065025845},
{"learn":[0.2770521919],"iteration":247,"passed_time":1.00933906,"remaining_time":3.060576506},
{"learn":[0.2769923769],"iteration":248,"passed_time":1.013184504,"remaining_time":3.055829569},
{"learn":[0.2769292805],"iteration":249,"passed_time":1.016641448,"remaining_time":3.049924343},
{"learn":[0.2768021569],"iteration":250,"passed_time":1.020346229,"remaining_time":3.044778188},
{"learn":[0.2765094432],"iteration":251,"passed_time":1.024104001,"remaining_time":3.039800765},
{"learn":[0.2764507806],"iteration":252,"passed_time":1.028010609,"remaining_time":3.035272432},
{"learn":[0.2763818508],"iteration":253,"passed_time":1.031608328,"remaining_time":3.029841782},
{"learn":[0.2762924099],"iteration":254,"passed_time":1.035046425,"remaining_time":3.023959163},
{"learn":[0.2762349336],"iteration":255,"passed_time":1.038807764,"remaining_time":3.019035065},
{"learn":[0.2761368259],"iteration":256,"passed_time":1.042742175,"remaining_time":3.014620375},
{"learn":[0.2760890608],"iteration":257,"passed_time":1.046593308,"remaining_time":3.009969901},
{"learn":[0.2759377563],"iteration":258,"passed_time":1.050215384,"remaining_time":3.004670269},
{"learn":[0.2757030024],"iteration":259,"passed_time":1.053926304,"remaining_time":2.999636405},
{"learn":[0.2756172661],"iteration":260,"passed_time":1.057883842,"remaining_time":2.995310955},
{"learn":[0.2755255313],"iteration":261,"passed_time":1.061596557,"remaining_time":2.990298699},
{"learn":[0.2754848379],"iteration":262,"passed_time":1.065201259,"remaining_time":2.984993642},
{"learn":[0.2754129121],"iteration":263,"passed_time":1.069079414,"remaining_time":2.98046382},
{"learn":[0.2753493198],"iteration":264,"passed_time":1.072949856,"remaining_time":2.975917526},
{"learn":[0.2751483539],"iteration":265,"passed_time":1.076818171,"remaining_time":2.971370443},
{"learn":[0.2750989102],"iteration":266,"passed_time":1.080315496,"remaining_time":2.965809956},
{"learn":[0.2750318941],"iteration":267,"passed_time":1.083994135,"remaining_time":2.960760101},
{"learn":[0.2749252195],"iteration":268,"passed_time":1.087664854,"remaining_time":2.955698916},
{"learn":[0.2747453082],"iteration":269,"passed_time":1.091359568,"remaining_time":2.950712906},
{"learn":[0.2746709371],"iteration":270,"passed_time":1.095181029,"remaining_time":2.946077381},
{"learn":[0.2746050908],"iteration":271,"passed_time":1.099097814,"remaining_time":2.941702973},
{"learn":[0.2745335891],"iteration":272,"passed_time":1.102877927,"remaining_time":2.936967959},
{"learn":[0.274495143],"iteration":273,"passed_time":1.106709925,"remaining_time":2.932377392},
{"learn":[0.2744305184],"iteration":274,"passed_time":1.110438508,"remaining_time":2.927519703},
{"learn":[0.2743194304],"iteration":275,"passed_time":1.114394967,"remaining_time":2.923267956},
{"learn":[0.2742386069],"iteration":276,"passed_time":1.118284258,"remaining_time":2.918843028},
{"learn":[0.2741532923],"iteration":277,"passed_time":1.121817155,"remaining_time":2.913496353},
{"learn":[0.2739121131],"iteration":278,"passed_time":1.125538114,"remaining_time":2.908648675},
{"learn":[0.2737983711],"iteration":279,"passed_time":1.129240649,"remaining_time":2.90376167},
{"learn":[0.2737459019],"iteration":280,"passed_time":1.132826306,"remaining_time":2.898584035},
{"learn":[0.2736825335],"iteration":281,"passed_time":1.136616271,"remaining_time":2.893937882},
{"learn":[0.27362958],"iteration":282,"passed_time":1.140609348,"remaining_time":2.889812375},
{"learn":[0.27358168],"iteration":283,"passed_time":1.144383017,"remaining_time":2.885134649},
{"learn":[0.2735398368],"iteration":284,"passed_time":1.14800156,"remaining_time":2.880074089},
{"learn":[0.2734707366],"iteration":285,"passed_time":1.151736704,"remaining_time":2.875314709},
{"learn":[0.2734385596],"iteration":286,"passed_time":1.155291316,"remaining_time":2.870113967},
{"learn":[0.2733543131],"iteration":287,"passed_time":1.158989025,"remaining_time":2.865278422},
{"learn":[0.2732893405],"iteration":288,"passed_time":1.162712766,"remaining_time":2.860514798},
{"learn":[0.2732203467],"iteration":289,"passed_time":1.166445198,"remaining_time":2.855779623},
{"learn":[0.2731332421],"iteration":290,"passed_time":1.170212602,"remaining_time":2.851136546},
{"learn":[0.273103431],"iteration":291,"passed_time":1.173706408,"remaining_time":2.845836084},
{"learn":[0.2729431831],"iteration":292,"passed_time":1.177423535,"remaining_time":2.841086823},
{"learn":[0.2728908511],"iteration":293,"passed_time":1.181974452,"remaining_time":2.838346814},
{"learn":[0.2728592149],"iteration":294,"passed_time":1.1862394,"remaining_time":2.834911108},
{"learn":[0.2727893766],"iteration":295,"passed_time":1.190617139,"remaining_time":2.831738061},
{"learn":[0.2727436051],"iteration":296,"passed_time":1.194938177,"remaining_time":2.828422688},
{"learn":[0.2726749883],"iteration":297,"passed_time":1.199359443,"remaining_time":2.825336673},
{"learn":[0.2726179171],"iteration":298,"passed_time":1.203407903,"remaining_time":2.821367693},
{"learn":[0.2725542874],"iteration":299,"passed_time":1.207484795,"remaining_time":2.817464522},
{"learn":[0.2724689421],"iteration":300,"passed_time":1.211224425,"remaining_time":2.812776987},
{"learn":[0.2723909567],"iteration":301,"passed_time":1.214968073,"remaining_time":2.808105016},
{"learn":[0.2723601324],"iteration":302,"passed_time":1.218789501,"remaining_time":2.803618093},
{"learn":[0.2722992651],"iteration":303,"passed_time":1.222636662,"remaining_time":2.799194464},
{"learn":[0.2722430318],"iteration":304,"passed_time":1.226359521,"remaining_time":2.794491367},
{"learn":[0.2722093927],"iteration":305,"passed_time":1.230061483,"remaining_time":2.789747284},
{"learn":[0.2720936397],"iteration":306,"passed_time":1.233934495,"remaining_time":2.785396108},
{"learn":[0.2720674499],"iteration":307,"passed_time":1.237819857,"remaining_time":2.781075782},
{"learn":[0.2720111079],"iteration":308,"passed_time":1.241589029,"remaining_time":2.776498444},
{"learn":[0.2719581156],"iteration":309,"passed_time":1.245490972,"remaining_time":2.772221841},
{"learn":[0.2718849943],"iteration":310,"passed_time":1.249523169,"remaining_time":2.768236217},
{"learn":[0.2718256318],"iteration":311,"passed_time":1.253484708,"remaining_time":2.764094484},
{"learn":[0.2717924602],"iteration":312,"passed_time":1.257152152,"remaining_time":2.759308398},
{"learn":[0.2717106184],"iteration":313,"passed_time":1.261232202,"remaining_time":2.755430862},
{"learn":[0.2716353122],"iteration":314,"passed_time":1.265153414,"remaining_time":2.751206631},
{"learn":[0.2715798256],"iteration":315,"passed_time":1.269095208,"remaining_time":2.747028869},
{"learn":[0.2715306666],"iteration":316,"passed_time":1.272783534,"remaining_time":2.742306478},
{"learn":[0.2713995224],"iteration":317,"passed_time":1.276449639,"remaining_time":2.737542937},
{"learn":[0.2713739356],"iteration":318,"passed_time":1.279984442,"remaining_time":2.732505972},
{"learn":[0.2713160172],"iteration":319,"passed_time":1.283735827,"remaining_time":2.727938632},
{"learn":[0.2712784823],"iteration":320,"passed_time":1.287386593,"remaining_time":2.72316354},
{"learn":[0.2712167403],"iteration":321,"passed_time":1.29230468,"remaining_time":2.721063892},
{"learn":[0.2711836623],"iteration":322,"passed_time":1.296372977,"remaining_time":2.717165652},
{"learn":[0.2711284646],"iteration":323,"passed_time":1.300926896,"remaining_time":2.714279574},
{"learn":[0.2710813802],"iteration":324,"passed_time":1.304868173,"remaining_time":2.710110822},
{"learn":[0.2710264247],"iteration":325,"passed_time":1.308618754,"remaining_time":2.705549204},
{"learn":[0.2709883925],"iteration":326,"passed_time":1.312347197,"remaining_time":2.700946983},
{"learn":[0.2709295504],"iteration":327,"passed_time":1.316360703,"remaining_time":2.696934123},
{"learn":[0.2708559486],"iteration":328,"passed_time":1.320466823,"remaining_time":2.693110146},
{"learn":[0.2708036057],"iteration":329,"passed_time":1.324299493,"remaining_time":2.688729273},
{"learn":[0.2707347988],"iteration":330,"passed_time":1.32807674,"remaining_time":2.684239694},
{"learn":[0.2706797854],"iteration":331,"passed_time":1.331927409,"remaining_time":2.679902136},
{"learn":[0.2706307064],"iteration":332,"passed_time":1.335994134,"remaining_time":2.676000263},
{"learn":[0.2705724721],"iteration":333,"passed_time":1.339609818,"remaining_time":2.67119802},
{"learn":[0.2705434264],"iteration":334,"passed_time":1.343150135,"remaining_time":2.666253253},
{"learn":[0.2704893603],"iteration":335,"passed_time":1.34686008,"remaining_time":2.661652063},
{"learn":[0.2704390273],"iteration":336,"passed_time":1.350866054,"remaining_time":2.657638557},
{"learn":[0.2704182856],"iteration":337,"passed_time":1.354413241,"remaining_time":2.652726526},
{"learn":[0.2703628874],"iteration":338,"passed_time":1.358045741,"remaining_time":2.647988893},
{"learn":[0.2703195728],"iteration":339,"passed_time":1.361765373,"remaining_time":2.6434269},
{"learn":[0.270261243],"iteration":340,"passed_time":1.36562576,"remaining_time":2.639141865},
{"learn":[0.2702028849],"iteration":341,"passed_time":1.369614023,"remaining_time":2.635105343},
{"learn":[0.2701653972],"iteration":342,"passed_time":1.373251786,"remaining_time":2.630397735},
{"learn":[0.2701212802],"iteration":343,"passed_time":1.377318531,"remaining_time":2.626514409},
{"learn":[0.2700770155],"iteration":344,"passed_time":1.382509294,"remaining_time":2.624764022},
{"learn":[0.2700019945],"iteration":345,"passed_time":1.387006533,"remaining_time":2.62168287},
{"learn":[0.2699207266],"iteration":346,"passed_time":1.39123922,"remaining_time":2.618095709},
{"learn":[0.2698637498],"iteration":347,"passed_time":1.395808743,"remaining_time":2.615135921},
{"learn":[0.2698331567],"iteration":348,"passed_time":1.400162866,"remaining_time":2.611765117},
{"learn":[0.2697827571],"iteration":349,"passed_time":1.403926509,"remaining_time":2.607292087},
{"learn":[0.2697355686],"iteration":350,"passed_time":1.407727871,"remaining_time":2.602892845},
{"learn":[0.2697012746],"iteration":351,"passed_time":1.411568075,"remaining_time":2.598568501},
{"learn":[0.2696742822],"iteration":352,"passed_time":1.415485651,"remaining_time":2.594388715},
{"learn":[0.2695820234],"iteration":353,"passed_time":1.419163593,"remaining_time":2.58977311},
{"learn":[0.269545436],"iteration":354,"passed_time":1.422843781,"remaining_time":2.585166869},
{"learn":[0.26948576],"iteration":355,"passed_time":1.426775249,"remaining_time":2.581020394},
{"learn":[0.2694403316],"iteration":356,"passed_time":1.430777392,"remaining_time":2.577002418},
{"learn":[0.2693824789],"iteration":357,"passed_time":1.434597306,"remaining_time":2.572657738},
{"learn":[0.2693323157],"iteration":358,"passed_time":1.438187771,"remaining_time":2.567906298},
{"learn":[0.2692855959],"iteration":359,"passed_time":1.441903248,"remaining_time":2.563383552},
{"learn":[0.2692562402],"iteration":360,"passed_time":1.445684471,"remaining_time":2.558981654},
{"learn":[0.2692134531],"iteration":361,"passed_time":1.44970745,"remaining_time":2.555009263},
{"learn":[0.2691264816],"iteration":362,"passed_time":1.453386653,"remaining_time":2.550433328},
{"learn":[0.2690632728],"iteration":363,"passed_time":1.457212561,"remaining_time":2.54611865},
{"learn":[0.2689932867],"iteration":364,"passed_time":1.460989119,"remaining_time":2.541720796},
{"learn":[0.2689664452],"iteration":365,"passed_time":1.464783867,"remaining_time":2.537357846},
{"learn":[0.2689151725],"iteration":366,"passed_time":1.468590159,"remaining_time":2.533017904},
{"learn":[0.2688723005],"iteration":367,"passed_time":1.47242665,"remaining_time":2.528732725},
{"learn":[0.2688225822],"iteration":368,"passed_time":1.476267166,"remaining_time":2.52445686},
{"learn":[0.268783933],"iteration":369,"passed_time":1.480211152,"remaining_time":2.520359529},
{"learn":[0.2687522506],"iteration":370,"passed_time":1.483855057,"remaining_time":2.515754261},
{"learn":[0.268712861],"iteration":371,"passed_time":1.487602227,"remaining_time":2.511328491},
{"learn":[0.2686657959],"iteration":372,"passed_time":1.491247627,"remaining_time":2.506735288},
{"learn":[0.2686032745],"iteration":373,"passed_time":1.494956236,"remaining_time":2.502252952},
{"learn":[0.2685726797],"iteration":374,"passed_time":1.498526143,"remaining_time":2.497543571},
{"learn":[0.268552422],"iteration":375,"passed_time":1.502038443,"remaining_time":2.492744651},
{"learn":[0.2685049936],"iteration":376,"passed_time":1.505801018,"remaining_time":2.488366138},
{"learn":[0.2683994302],"iteration":377,"passed_time":1.509718812,"remaining_time":2.484246299},
{"learn":[0.2683724135],"iteration":378,"passed_time":1.513442772,"remaining_time":2.479809925},
{"learn":[0.2682927347],"iteration":379,"passed_time":1.517274775,"remaining_time":2.47555358},
{"learn":[0.268241036],"iteration":380,"passed_time":1.520854299,"remaining_time":2.470889268},
{"learn":[0.2681475575],"iteration":381,"passed_time":1.524491753,"remaining_time":2.466324354},
{"learn":[0.2681035823],"iteration":382,"passed_time":1.52828412,"remaining_time":2.462013843},
{"learn":[0.2680596515],"iteration":383,"passed_time":1.531976119,"remaining_time":2.457545024},
{"learn":[0.2679971046],"iteration":384,"passed_time":1.535843804,"remaining_time":2.453360882},
{"learn":[0.2679712788],"iteration":385,"passed_time":1.539554934,"remaining_time":2.448929352},
{"learn":[0.2679414285],"iteration":386,"passed_time":1.543232339,"remaining_time":2.444448123},
{"learn":[0.2679169468],"iteration":387,"passed_time":1.546771652,"remaining_time":2.439753224},
{"learn":[0.2678485653],"iteration":388,"passed_time":1.550458818,"remaining_time":2.435296499},
{"learn":[0.2677945507],"iteration":389,"passed_time":1.554183847,"remaining_time":2.43090294},
{"learn":[0.2677400377],"iteration":390,"passed_time":1.558126572,"remaining_time":2.426851873},
{"learn":[0.2676911513],"iteration":391,"passed_time":1.562074896,"remaining_time":2.422810043},
{"learn":[0.2676424717],"iteration":392,"passed_time":1.565893953,"remaining_time":2.418569032},
{"learn":[0.2675853167],"iteration":393,"passed_time":1.569839417,"remaining_time":2.414524586},
{"learn":[0.2675357758],"iteration":394,"passed_time":1.574046488,"remaining_time":2.41088133},
{"learn":[0.2674817777],"iteration":395,"passed_time":1.579001206,"remaining_time":2.408375577},
{"learn":[0.2674603299],"iteration":396,"passed_time":1.583154223,"remaining_time":2.40463979},
{"learn":[0.2674149883],"iteration":397,"passed_time":1.58734548,"remaining_time":2.400959747},
{"learn":[0.2673740365],"iteration":398,"passed_time":1.591748948,"remaining_time":2.397596786},
{"learn":[0.2673232417],"iteration":399,"passed_time":1.596092265,"remaining_time":2.394138398},
{"learn":[0.2672831649],"iteration":400,"passed_time":1.599794418,"remaining_time":2.389717846},
{"learn":[0.2672235631],"iteration":401,"passed_time":1.60360475,"remaining_time":2.385461792},
{"learn":[0.2671719111],"iteration":402,"passed_time":1.607727417,"remaining_time":2.38167064},
{"learn":[0.2671489144],"iteration":403,"passed_time":1.61135717,"remaining_time":2.377150676},
{"learn":[0.267108046],"iteration":404,"passed_time":1.615050925,"remaining_time":2.372729137},
{"learn":[0.267067097],"iteration":405,"passed_time":1.618924004,"remaining_time":2.368573543},
{"learn":[0.2670199703],"iteration":406,"passed_time":1.623038663,"remaining_time":2.36477132},
{"learn":[0.2669783391],"iteration":407,"passed_time":1.626802471,"remaining_time":2.360458488},
{"learn":[0.2669144284],"iteration":408,"passed_time":1.630855177,"remaining_time":2.356565793},
{"learn":[0.2668642548],"iteration":409,"passed_time":1.634572264,"remaining_time":2.352189355},
{"learn":[0.2668166288],"iteration":410,"passed_time":1.638454645,"remaining_time":2.348053007},
{"learn":[0.2666989652],"iteration":411,"passed_time":1.642409416,"remaining_time":2.344021205},
{"learn":[0.2666670025],"iteration":412,"passed_time":1.646061313,"remaining_time":2.339559299},
{"learn":[0.266616532],"iteration":413,"passed_time":1.649825853,"remaining_time":2.335260748},
{"learn":[0.2665907811],"iteration":414,"passed_time":1.653409791,"remaining_time":2.330710187},
{"learn":[0.2665200213],"iteration":415,"passed_time":1.657280408,"remaining_time":2.326566727},
{"learn":[0.2664147343],"iteration":416,"passed_time":1.661001657,"remaining_time":2.322215746},
{"learn":[0.2663808817],"iteration":417,"passed_time":1.664580477,"remaining_time":2.317669468},
{"learn":[0.2663648022],"iteration":418,"passed_time":1.668098574,"remaining_time":2.313043608},
{"learn":[0.2663273702],"iteration":419,"passed_time":1.672037831,"remaining_time":2.309004624},
{"learn":[0.2662668899],"iteration":420,"passed_time":1.675905221,"remaining_time":2.304867276},
{"learn":[0.266220313],"iteration":421,"passed_time":1.679758887,"remaining_time":2.300712409},
{"learn":[0.2661791721],"iteration":422,"passed_time":1.683501152,"remaining_time":2.296407009},
{"learn":[0.2661286182],"iteration":423,"passed_time":1.687244886,"remaining_time":2.29210626},
{"learn":[0.2660800553],"iteration":424,"passed_time":1.691243186,"remaining_time":2.288152546},
{"learn":[0.2660130984],"iteration":425,"passed_time":1.695084127,"remaining_time":2.283986593},
{"learn":[0.2659697235],"iteration":426,"passed_time":1.698724789,"remaining_time":2.279553406},
{"learn":[0.2659136236],"iteration":427,"passed_time":1.702763416,"remaining_time":2.27565578},
{"learn":[0.2658119238],"iteration":428,"passed_time":1.706656148,"remaining_time":2.271563311},
{"learn":[0.265753257],"iteration":429,"passed_time":1.710590172,"remaining_time":2.267526507},
{"learn":[0.265717494],"iteration":430,"passed_time":1.714427173,"remaining_time":2.263362091},
{"learn":[0.2656357],"iteration":431,"passed_time":1.718165832,"remaining_time":2.259069891},
{"learn":[0.2655966544],"iteration":432,"passed_time":1.721873953,"remaining_time":2.254740257},
{"learn":[0.265553358],"iteration":433,"passed_time":1.725780948,"remaining_time":2.25067285},
{"learn":[0.2654833106],"iteration":434,"passed_time":1.729632122,"remaining_time":2.246533676},
{"learn":[0.2654381444],"iteration":435,"passed_time":1.733482122,"remaining_time":2.242394305},
{"learn":[0.2654055432],"iteration":436,"passed_time":1.737243115,"remaining_time":2.238141587},
{"learn":[0.2653615789],"iteration":437,"passed_time":1.741169906,"remaining_time":2.234103852},
{"learn":[0.2653191585],"iteration":438,"passed_time":1.744902544,"remaining_time":2.229818513},
{"learn":[0.2652853744],"iteration":439,"passed_time":1.74845886,"remaining_time":2.225311277},
{"learn":[0.2651947634],"iteration":440,"passed_time":1.752214021,"remaining_time":2.221060403},
{"learn":[0.2651555793],"iteration":441,"passed_time":1.75609438,"remaining_time":2.216969828},
{"learn":[0.2651011533],"iteration":442,"passed_time":1.759822417,"remaining_time":2.212688682},
{"learn":[0.2650650741],"iteration":443,"passed_time":1.763442836,"remaining_time":2.208275263},
{"learn":[0.265024298],"iteration":444,"passed_time":1.767073537,"remaining_time":2.203878232},
{"learn":[0.2649863118],"iteration":445,"passed_time":1.771191185,"remaining_time":2.200089499},
{"learn":[0.2649427047],"iteration":446,"passed_time":1.775767932,"remaining_time":2.196867263},
{"learn":[0.2648975787],"iteration":447,"passed_time":1.780188044,"remaining_time":2.193445983},
{"learn":[0.2648463421],"iteration":448,"passed_time":1.78471216,"remaining_time":2.190147884},
{"learn":[0.2647951628],"iteration":449,"passed_time":1.78938014,"remaining_time":2.187020172},
{"learn":[0.2647687767],"iteration":450,"passed_time":1.793987038,"remaining_time":2.183811273},
{"learn":[0.2647147244],"iteration":451,"passed_time":1.797916394,"remaining_time":2.179774743},
{"learn":[0.2646837328],"iteration":452,"passed_time":1.801958089,"remaining_time":2.175874337},
{"learn":[0.2646121654],"iteration":453,"passed_time":1.806300314,"remaining_time":2.172334739},
{"learn":[0.2645700292],"iteration":454,"passed_time":1.810040998,"remaining_time":2.168071086},
{"learn":[0.264545744],"iteration":455,"passed_time":1.81365872,"remaining_time":2.163663034},
{"learn":[0.2645358795],"iteration":456,"passed_time":1.817405321,"remaining_time":2.159411575},
{"learn":[0.2645065036],"iteration":457,"passed_time":1.821476064,"remaining_time":2.15554591},
{"learn":[0.2644685593],"iteration":458,"passed_time":1.825341424,"remaining_time":2.151437278},
{"learn":[0.264421341],"iteration":459,"passed_time":1.829076953,"remaining_time":2.147177293},
{"learn":[0.2643791305],"iteration":460,"passed_time":1.832944106,"remaining_time":2.143073477},
{"learn":[0.264334389],"iteration":461,"passed_time":1.836683976,"remaining_time":2.138822466},
{"learn":[0.2642834579],"iteration":462,"passed_time":1.840679176,"remaining_time":2.134869801},
{"learn":[0.2642572113],"iteration":463,"passed_time":1.844365488,"remaining_time":2.130560133},
{"learn":[0.2642175204],"iteration":464,"passed_time":1.848416317,"remaining_time":2.126672536},
{"learn":[0.2641803594],"iteration":465,"passed_time":1.852195967,"remaining_time":2.12247349},
{"learn":[0.2641270488],"iteration":466,"passed_time":1.85603506,"remaining_time":2.118344084},
{"learn":[0.264077069],"iteration":467,"passed_time":1.859826517,"remaining_time":2.114161768},
{"learn":[0.2640209358],"iteration":468,"passed_time":1.863579976,"remaining_time":2.109938096},
{"learn":[0.2639382128],"iteration":469,"passed_time":1.867334702,"remaining_time":2.105717855},
{"learn":[0.2638523722],"iteration":470,"passed_time":1.871119507,"remaining_time":2.101533374},
{"learn":[0.2638011897],"iteration":471,"passed_time":1.87502738,"remaining_time":2.097488256},
{"learn":[0.2637628039],"iteration":472,"passed_time":1.878688833,"remaining_time":2.093169165},
{"learn":[0.2637204316],"iteration":473,"passed_time":1.882521265,"remaining_time":2.089042585},
{"learn":[0.2636778345],"iteration":474,"passed_time":1.886652169,"remaining_time":2.085247134},
{"learn":[0.2636676759],"iteration":475,"passed_time":1.890271748,"remaining_time":2.080887386},
{"learn":[0.2636330862],"iteration":476,"passed_time":1.894059791,"remaining_time":2.076715452},
{"learn":[0.2636052336],"iteration":477,"passed_time":1.898021878,"remaining_time":2.072735189},
{"learn":[0.2635854843],"iteration":478,"passed_time":1.901735956,"remaining_time":2.068485246},
{"learn":[0.2635397314],"iteration":479,"passed_time":1.905525588,"remaining_time":2.064319387},
{"learn":[0.2635021269],"iteration":480,"passed_time":1.909294234,"remaining_time":2.060132448},
{"learn":[0.2634825646],"iteration":481,"passed_time":1.913183529,"remaining_time":2.056076905},
{"learn":[0.2634461427],"iteration":482,"passed_time":1.916987313,"remaining_time":2.05193052},
{"learn":[0.2634086818],"iteration":483,"passed_time":1.920625647,"remaining_time":2.047609161},
{"learn":[0.2633396647],"iteration":484,"passed_time":1.924335208,"remaining_time":2.043366252},
{"learn":[0.2632967543],"iteration":485,"passed_time":1.92810778,"remaining_time":2.039192179},
{"learn":[0.2632535199],"iteration":486,"passed_time":1.932076409,"remaining_time":2.035226279},
{"learn":[0.2631984967],"iteration":487,"passed_time":1.935921767,"remaining_time":2.031131034},
{"learn":[0.2631569518],"iteration":488,"passed_time":1.93962037,"remaining_time":2.026883454},
{"learn":[0.2630943438],"iteration":489,"passed_time":1.943542627,"remaining_time":2.022870897},
{"learn":[0.2630698093],"iteration":490,"passed_time":1.947599092,"remaining_time":2.018997836},
{"learn":[0.2630350862],"iteration":491,"passed_time":1.951529425,"remaining_time":2.014993797},
{"learn":[0.2630008548],"iteration":492,"passed_time":1.955346369,"remaining_time":2.010873447},
{"learn":[0.2629666346],"iteration":493,"passed_time":1.958937261,"remaining_time":2.006522781},
{"learn":[0.2629333493],"iteration":494,"passed_time":1.96284973,"remaining_time":2.00250326},
{"learn":[0.262901545],"iteration":495,"passed_time":1.967510826,"remaining_time":1.999244872},
{"learn":[0.2628739552],"iteration":496,"passed_time":1.972218805,"remaining_time":1.996028288},
{"learn":[0.2628444439],"iteration":497,"passed_time":1.976443193,"remaining_time":1.992318238},
{"learn":[0.2628197627],"iteration":498,"passed_time":1.981063198,"remaining_time":1.989003331},
{"learn":[0.2627565775],"iteration":499,"passed_time":1.98540084,"remaining_time":1.98540084},
{"learn":[0.2627318792],"iteration":500,"passed_time":1.989912303,"remaining_time":1.981968541},
{"learn":[0.2626939242],"iteration":501,"passed_time":1.993882857,"remaining_time":1.977995344},
{"learn":[0.2626643087],"iteration":502,"passed_time":1.99762998,"remaining_time":1.973801392},
{"learn":[0.2626295099],"iteration":503,"passed_time":2.001395025,"remaining_time":1.96962685},
{"learn":[0.2625972821],"iteration":504,"passed_time":2.005094572,"remaining_time":1.965389729},
{"learn":[0.2625623722],"iteration":505,"passed_time":2.008730156,"remaining_time":1.961092286},
{"learn":[0.2625187433],"iteration":506,"passed_time":2.012565753,"remaining_time":1.956991946},
{"learn":[0.2624776428],"iteration":507,"passed_time":2.016375884,"remaining_time":1.952867982},
{"learn":[0.262461212],"iteration":508,"passed_time":2.019927284,"remaining_time":1.94849567},
{"learn":[0.2624332507],"iteration":509,"passed_time":2.023611409,"remaining_time":1.944254099},
{"learn":[0.2624093226],"iteration":510,"passed_time":2.027299561,"remaining_time":1.940018562},
{"learn":[0.262363937],"iteration":511,"passed_time":2.031273795,"remaining_time":1.936057836},
{"learn":[0.2623425601],"iteration":512,"passed_time":2.035063257,"remaining_time":1.93192165},
{"learn":[0.2623084427],"iteration":513,"passed_time":2.038771642,"remaining_time":1.927710152},
{"learn":[0.2622924144],"iteration":514,"passed_time":2.042725814,"remaining_time":1.923732077},
{"learn":[0.2622543482],"iteration":515,"passed_time":2.046753118,"remaining_time":1.919822693},
{"learn":[0.2622306457],"iteration":516,"passed_time":2.050431922,"remaining_time":1.91558727},
{"learn":[0.2621821057],"iteration":517,"passed_time":2.054155321,"remaining_time":1.911395492},
{"learn":[0.2621267044],"iteration":518,"passed_time":2.057864736,"remaining_time":1.907192559},
{"learn":[0.262101307],"iteration":519,"passed_time":2.061695796,"remaining_time":1.903103811},
{"learn":[0.2620705663],"iteration":520,"passed_time":2.065557136,"remaining_time":1.899043893},
{"learn":[0.2620432843],"iteration":521,"passed_time":2.069208862,"remaining_time":1.894792789},
{"learn":[0.2620127959],"iteration":522,"passed_time":2.072925466,"remaining_time":1.89060315},
{"learn":[0.2619969981],"iteration":523,"passed_time":2.076824509,"remaining_time":1.886581043},
{"learn":[0.2619683603],"iteration":524,"passed_time":2.080781116,"remaining_time":1.882611486},
{"learn":[0.2619380994],"iteration":525,"passed_time":2.084552028,"remaining_time":1.878474642},
{"learn":[0.2619057383],"iteration":526,"passed_time":2.08829225,"remaining_time":1.87431164},
{"learn":[0.2618342436],"iteration":527,"passed_time":2.09233385,"remaining_time":1.870419654},
{"learn":[0.2618053419],"iteration":528,"passed_time":2.096094489,"remaining_time":1.866276946},
{"learn":[0.2617597692],"iteration":529,"passed_time":2.099770818,"remaining_time":1.862060914},
{"learn":[0.2617242573],"iteration":530,"passed_time":2.103513845,"remaining_time":1.857905825},
{"learn":[0.2616882098],"iteration":531,"passed_time":2.107211463,"remaining_time":1.85371234},
{"learn":[0.2616585576],"iteration":532,"passed_time":2.110905947,"remaining_time":1.849517968},
{"learn":[0.2616272972],"iteration":533,"passed_time":2.114694306,"remaining_time":1.845407391},
{"learn":[0.2615738465],"iteration":534,"passed_time":2.118264585,"remaining_time":1.841108471},
{"learn":[0.2615362581],"iteration":535,"passed_time":2.122092581,"remaining_time":1.837035369},
{"learn":[0.2615181192],"iteration":536,"passed_time":2.126070535,"remaining_time":1.833092473},
{"learn":[0.2614703024],"iteration":537,"passed_time":2.130012979,"remaining_time":1.829118952},
{"learn":[0.2614273877],"iteration":538,"passed_time":2.134059185,"remaining_time":1.825234294},
{"learn":[0.2613799529],"iteration":539,"passed_time":2.137671,"remaining_time":1.820979},
{"learn":[0.2613441791],"iteration":540,"passed_time":2.141517417,"remaining_time":1.816925129},
{"learn":[0.2612712743],"iteration":541,"passed_time":2.145689944,"remaining_time":1.813147591},
{"learn":[0.2612492262],"iteration":542,"passed_time":2.149261138,"remaining_time":1.808862505},
{"learn":[0.2612236934],"iteration":543,"passed_time":2.152991822,"remaining_time":1.804713733},
{"learn":[0.261166317],"iteration":544,"passed_time":2.157262193,"remaining_time":1.80101706},
{"learn":[0.2611139311],"iteration":545,"passed_time":2.16110656,"remaining_time":1.796964063},
{"learn":[0.261078175],"iteration":546,"passed_time":2.165868279,"remaining_time":1.793671536},
{"learn":[0.2610434533],"iteration":547,"passed_time":2.170627598,"remaining_time":1.790371668},
{"learn":[0.2610067649],"iteration":548,"passed_time":2.174921136,"remaining_time":1.786683847},
{"learn":[0.2609881717],"iteration":549,"passed_time":2.179210864,"remaining_time":1.782990707},
{"learn":[0.2609508118],"iteration":550,"passed_time":2.183508768,"remaining_time":1.779302063},
{"learn":[0.2609015974],"iteration":551,"passed_time":2.187930007,"remaining_time":1.77571131},
{"learn":[0.2608721612],"iteration":552,"passed_time":2.192224523,"remaining_time":1.772015121},
{"learn":[0.2608412703],"iteration":553,"passed_time":2.195879445,"remaining_time":1.767801864},
{"learn":[0.260813196],"iteration":554,"passed_time":2.19967177,"remaining_time":1.763700789},
{"learn":[0.2607819438],"iteration":555,"passed_time":2.203542204,"remaining_time":1.759663199},
{"learn":[0.260754799],"iteration":556,"passed_time":2.208833191,"remaining_time":1.756756021},
{"learn":[0.2606900792],"iteration":557,"passed_time":2.212686622,"remaining_time":1.752701589},
{"learn":[0.260652467],"iteration":558,"passed_time":2.216596093,"remaining_time":1.748692087},
{"learn":[0.2606356857],"iteration":559,"passed_time":2.22031733,"remaining_time":1.744535045},
{"learn":[0.2605946917],"iteration":560,"passed_time":2.224211156,"remaining_time":1.740514612},
{"learn":[0.2605613112],"iteration":561,"passed_time":2.227944906,"remaining_time":1.736369873},
{"learn":[0.2605293683],"iteration":562,"passed_time":2.231531935,"remaining_time":1.732112709},
{"learn":[0.2604959203],"iteration":563,"passed_time":2.235315084,"remaining_time":1.728009533},
{"learn":[0.2604535242],"iteration":564,"passed_time":2.239186396,"remaining_time":1.723975367},
{"learn":[0.2604179881],"iteration":565,"passed_time":2.243171481,"remaining_time":1.720029015},
{"learn":[0.2603782344],"iteration":566,"passed_time":2.246941587,"remaining_time":1.715918355},
{"learn":[0.2603302256],"iteration":567,"passed_time":2.250715618,"remaining_time":1.711811878},
{"learn":[0.2603021893],"iteration":568,"passed_time":2.254566713,"remaining_time":1.707764945},
{"learn":[0.2602505767],"iteration":569,"passed_time":2.258624212,"remaining_time":1.703874406},
{"learn":[0.2602189677],"iteration":570,"passed_time":2.263014921,"remaining_time":1.700233627},
{"learn":[0.2601564738],"iteration":571,"passed_time":2.267509356,"remaining_time":1.69666784},
{"learn":[0.2601149064],"iteration":572,"passed_time":2.27210939,"remaining_time":1.693177503},
{"learn":[0.2600986303],"iteration":573,"passed_time":2.275885171,"remaining_time":1.689071573},
{"learn":[0.2600589],"iteration":574,"passed_time":2.279602539,"remaining_time":1.684923616},
{"learn":[0.2600200831],"iteration":575,"passed_time":2.283360194,"remaining_time":1.680806809},
{"learn":[0.2599873653],"iteration":576,"passed_time":2.287598956,"remaining_time":1.677043948},
{"learn":[0.2599461644],"iteration":577,"passed_time":2.291600518,"remaining_time":1.673106261},
{"learn":[0.2599195961],"iteration":578,"passed_time":2.295333007,"remaining_time":1.668972705},
{"learn":[0.2598879279],"iteration":579,"passed_time":2.298820377,"remaining_time":1.664663032},
{"learn":[0.2598526382],"iteration":580,"passed_time":2.302861208,"remaining_time":1.660755329},
{"learn":[0.2598230989],"iteration":581,"passed_time":2.307112615,"remaining_time":1.656998407},
{"learn":[0.2597704955],"iteration":582,"passed_time":2.310852721,"remaining_time":1.652874073},
{"learn":[0.2597341794],"iteration":583,"passed_time":2.314715208,"remaining_time":1.648838231},
{"learn":[0.2597114149],"iteration":584,"passed_time":2.318593545,"remaining_time":1.644814225},
{"learn":[0.2596799421],"iteration":585,"passed_time":2.322498559,"remaining_time":1.640809562},
{"learn":[0.2596473831],"iteration":586,"passed_time":2.326328028,"remaining_time":1.636752088},
{"learn":[0.2596281208],"iteration":587,"passed_time":2.330035763,"remaining_time":1.632610092},
{"learn":[0.2595871541],"iteration":588,"passed_time":2.334107872,"remaining_time":1.628723829},
{"learn":[0.2595457428],"iteration":589,"passed_time":2.338215302,"remaining_time":1.624861481},
{"learn":[0.2595315789],"iteration":590,"passed_time":2.341877275,"remaining_time":1.620690026},
{"learn":[0.2595184561],"iteration":591,"passed_time":2.345650579,"remaining_time":1.616597021},
{"learn":[0.2594845754],"iteration":592,"passed_time":2.34948154,"remaining_time":1.612544666},
{"learn":[0.2594644344],"iteration":593,"passed_time":2.353248199,"remaining_time":1.608449106},
{"learn":[0.2594041382],"iteration":594,"passed_time":2.357241821,"remaining_time":1.604509138},
{"learn":[0.2593747945],"iteration":595,"passed_time":2.361339237,"remaining_time":1.600639349},
{"learn":[0.2593453948],"iteration":596,"passed_time":2.365832731,"remaining_time":1.597036165},
{"learn":[0.2593276657],"iteration":597,"passed_time":2.370108854,"remaining_time":1.593283879},
{"learn":[0.259277277],"iteration":598,"passed_time":2.374474961,"remaining_time":1.589590082},
{"learn":[0.2592569134],"iteration":599,"passed_time":2.378633946,"remaining_time":1.585755964},
{"learn":[0.2592386583],"iteration":600,"passed_time":2.383502078,"remaining_time":1.582391562},
{"learn":[0.2591988063],"iteration":601,"passed_time":2.38779389,"remaining_time":1.578641144},
{"learn":[0.2591567311],"iteration":602,"passed_time":2.391691718,"remaining_time":1.574629539},
{"learn":[0.259114814],"iteration":603,"passed_time":2.395656893,"remaining_time":1.570662466},
{"learn":[0.2590737944],"iteration":604,"passed_time":2.399791063,"remaining_time":1.566805736},
{"learn":[0.2590663143],"iteration":605,"passed_time":2.403807941,"remaining_time":1.562871829},
{"learn":[0.259024664],"iteration":606,"passed_time":2.407783819,"remaining_time":1.558911105},
{"learn":[0.2589978054],"iteration":607,"passed_time":2.411567377,"remaining_time":1.554826335},
{"learn":[0.258965465],"iteration":608,"passed_time":2.415503326,"remaining_time":1.550840395},
{"learn":[0.258937235],"iteration":609,"passed_time":2.419288591,"remaining_time":1.54675828},
{"learn":[0.2589054319],"iteration":610,"passed_time":2.423391462,"remaining_time":1.542879343},
{"learn":[0.2588734208],"iteration":611,"passed_time":2.427092064,"remaining_time":1.538744642},
{"learn":[0.2588429899],"iteration":612,"passed_time":2.430671644,"remaining_time":1.534534953},
{"learn":[0.258825046],"iteration":613,"passed_time":2.434455178,"remaining_time":1.530455535},
{"learn":[0.2587893502],"iteration":614,"passed_time":2.438248935,"remaining_time":1.52638348},
{"learn":[0.2587779351],"iteration":615,"passed_time":2.441871013,"remaining_time":1.522205307},
{"learn":[0.2587483669],"iteration":616,"passed_time":2.445661092,"remaining_time":1.518133222},
{"learn":[0.2587196953],"iteration":617,"passed_time":2.449463531,"remaining_time":1.51406969},
{"learn":[0.2586955225],"iteration":618,"passed_time":2.453378762,"remaining_time":1.510076427},
{"learn":[0.2586558986],"iteration":619,"passed_time":2.457174,"remaining_time":1.506009871},
{"learn":[0.2586052277],"iteration":620,"passed_time":2.460879984,"remaining_time":1.501889716},
{"learn":[0.2585747232],"iteration":621,"passed_time":2.465089939,"remaining_time":1.498077166},
{"learn":[0.2585329217],"iteration":622,"passed_time":2.468963821,"remaining_time":1.494059969},
{"learn":[0.2584998825],"iteration":623,"passed_time":2.4727563,"remaining_time":1.489994181},
{"learn":[0.258463929],"iteration":624,"passed_time":2.476587482,"remaining_time":1.485952489},
{"learn":[0.2584377056],"iteration":625,"passed_time":2.480530383,"remaining_time":1.481978216},
{"learn":[0.2583956492],"iteration":626,"passed_time":2.484386131,"remaining_time":1.477952196},
{"learn":[0.2583432448],"iteration":627,"passed_time":2.488232116,"remaining_time":1.473920935},
{"learn":[0.2583070425],"iteration":628,"passed_time":2.492168797,"remaining_time":1.469943758},
{"learn":[0.2582963673],"iteration":629,"passed_time":2.495887954,"remaining_time":1.465838957},
{"learn":[0.2582684894],"iteration":630,"passed_time":2.49952652,"remaining_time":1.46168825},
{"learn":[0.2582569833],"iteration":631,"passed_time":2.503065248,"remaining_time":1.45748103},
{"learn":[0.2582315224],"iteration":632,"passed_time":2.506761372,"remaining_time":1.453367178},
{"learn":[0.258194503],"iteration":633,"passed_time":2.5106349,"remaining_time":1.449357056},
{"learn":[0.2581774164],"iteration":634,"passed_time":2.514291847,"remaining_time":1.445222873},
{"learn":[0.2581542716],"iteration":635,"passed_time":2.518062384,"remaining_time":1.441155201},
{"learn":[0.2581229937],"iteration":636,"passed_time":2.52194068,"remaining_time":1.437149869},
{"learn":[0.2580802904],"iteration":637,"passed_time":2.525857318,"remaining_time":1.433166692},
{"learn":[0.2580594501],"iteration":638,"passed_time":2.529547478,"remaining_time":1.429055774},
{"learn":[0.2580388145],"iteration":639,"passed_time":2.533379463,"remaining_time":1.425025948},
{"learn":[0.2580124989],"iteration":640,"passed_time":2.536989185,"remaining_time":1.420872258},
{"learn":[0.2579651376],"iteration":641,"passed_time":2.540556918,"remaining_time":1.416696848},
{"learn":[0.2579316627],"iteration":642,"passed_time":2.544427532,"remaining_time":1.412691492},
{"learn":[0.2579160118],"iteration":643,"passed_time":2.548171484,"remaining_time":1.408616535},
{"learn":[0.2579069794],"iteration":644,"passed_time":2.551830088,"remaining_time":1.40449563},
{"learn":[0.2578917771],"iteration":645,"passed_time":2.555374337,"remaining_time":1.400313491},
{"learn":[0.2578750615],"iteration":646,"passed_time":2.559798107,"remaining_time":1.396613186},
{"learn":[0.2578441165],"iteration":647,"passed_time":2.564374501,"remaining_time":1.392993556},
{"learn":[0.2578164312],"iteration":648,"passed_time":2.568654271,"remaining_time":1.389210553},
{"learn":[0.2577965327],"iteration":649,"passed_time":2.5728784,"remaining_time":1.385396062},
{"learn":[0.2577595484],"iteration":650,"passed_time":2.577392559,"remaining_time":1.381735796},
{"learn":[0.257726384],"iteration":651,"passed_time":2.582062012,"remaining_time":1.378155798},
{"learn":[0.2576900431],"iteration":652,"passed_time":2.586075548,"remaining_time":1.374223913},
{"learn":[0.2576406738],"iteration":653,"passed_time":2.589976936,"remaining_time":1.370232446},
{"learn":[0.257614505],"iteration":654,"passed_time":2.594004114,"remaining_time":1.36630751},
{"learn":[0.2575891591],"iteration":655,"passed_time":2.59810042,"remaining_time":1.362418513},
{"learn":[0.2575418685],"iteration":656,"passed_time":2.601917432,"remaining_time":1.358383074},
{"learn":[0.2575082126],"iteration":657,"passed_time":2.605680287,"remaining_time":1.354320149},
{"learn":[0.2574760726],"iteration":658,"passed_time":2.609695761,"remaining_time":1.350388853},
{"learn":[0.2574634858],"iteration":659,"passed_time":2.613515752,"remaining_time":1.3463566},
{"learn":[0.2574272108],"iteration":660,"passed_time":2.617409838,"remaining_time":1.342362988},
{"learn":[0.2573603755],"iteration":661,"passed_time":2.62124571,"remaining_time":1.338339955},
{"learn":[0.2573314606],"iteration":662,"passed_time":2.624831107,"remaining_time":1.334190171},
{"learn":[0.2572844613],"iteration":663,"passed_time":2.628806914,"remaining_time":1.330239643},
{"learn":[0.2572664321],"iteration":664,"passed_time":2.632600961,"remaining_time":1.326197476},
{"learn":[0.2572285489],"iteration":665,"passed_time":2.636436935,"remaining_time":1.322177081},
{"learn":[0.2572161992],"iteration":666,"passed_time":2.639989026,"remaining_time":1.318015511},
{"learn":[0.2571715351],"iteration":667,"passed_time":2.643787434,"remaining_time":1.313978186},
{"learn":[0.2571512004],"iteration":668,"passed_time":2.647465274,"remaining_time":1.309881922},
{"learn":[0.257115003],"iteration":669,"passed_time":2.651197323,"remaining_time":1.305813607},
{"learn":[0.2570377706],"iteration":670,"passed_time":2.654842065,"remaining_time":1.301703486},
{"learn":[0.2570114174],"iteration":671,"passed_time":2.658796717,"remaining_time":1.297746017},
{"learn":[0.256984917],"iteration":672,"passed_time":2.66269488,"remaining_time":1.293761108},
{"learn":[0.2569537948],"iteration":673,"passed_time":2.666579068,"remaining_time":1.289769698},
{"learn":[0.2569099622],"iteration":674,"passed_time":2.670338985,"remaining_time":1.285718771},
{"learn":[0.2568836888],"iteration":675,"passed_time":2.674155659,"remaining_time":1.281695908},
{"learn":[0.2568616887],"iteration":676,"passed_time":2.677975254,"remaining_time":1.277675047},
{"learn":[0.2568541871],"iteration":677,"passed_time":2.681497592,"remaining_time":1.273513605},
{"learn":[0.2568337259],"iteration":678,"passed_time":2.685073501,"remaining_time":1.269379372},
{"learn":[0.2567889271],"iteration":679,"passed_time":2.688793466,"remaining_time":1.265314572},
{"learn":[0.25676274],"iteration":680,"passed_time":2.693211127,"remaining_time":1.261577606},
{"learn":[0.2567351548],"iteration":681,"passed_time":2.697410423,"remaining_time":1.257736825},
{"learn":[0.2566864204],"iteration":682,"passed_time":2.701020864,"remaining_time":1.25362169},
{"learn":[0.2566595095],"iteration":683,"passed_time":2.704782453,"remaining_time":1.249577858},
{"learn":[0.2566084388],"iteration":684,"passed_time":2.708658781,"remaining_time":1.245587615},
{"learn":[0.2565756197],"iteration":685,"passed_time":2.712485531,"remaining_time":1.24157501},
{"learn":[0.2565335656],"iteration":686,"passed_time":2.716391583,"remaining_time":1.237599076},
{"learn":[0.256521796],"iteration":687,"passed_time":2.720005961,"remaining_time":1.233491075},
{"learn":[0.2564997463],"iteration":688,"passed_time":2.723934246,"remaining_time":1.229526198},
{"learn":[0.2564741866],"iteration":689,"passed_time":2.727881118,"remaining_time":1.225569778},
{"learn":[0.2564408112],"iteration":690,"passed_time":2.731688538,"remaining_time":1.221551025},
{"learn":[0.2564114374],"iteration":691,"passed_time":2.735502806,"remaining_time":1.217535931},
{"learn":[0.2563863448],"iteration":692,"passed_time":2.739337284,"remaining_time":1.21353037},
{"learn":[0.2563706361],"iteration":693,"passed_time":2.743080472,"remaining_time":1.20948505},
{"learn":[0.256339641],"iteration":694,"passed_time":2.746880999,"remaining_time":1.205465762},
{"learn":[0.2563214586],"iteration":695,"passed_time":2.750548742,"remaining_time":1.201389106},
{"learn":[0.2562848695],"iteration":696,"passed_time":2.754253097,"remaining_time":1.197329539},
{"learn":[0.2562690118],"iteration":697,"passed_time":2.759056129,"remaining_time":1.193746348},
{"learn":[0.2562270145],"iteration":698,"passed_time":2.763705329,"remaining_time":1.190093425},
{"learn":[0.2562052555],"iteration":699,"passed_time":2.768012653,"remaining_time":1.186291137},
{"learn":[0.2561779558],"iteration":700,"passed_time":2.772493273,"remaining_time":1.182561325},
{"learn":[0.2561630577],"iteration":701,"passed_time":2.776899354,"remaining_time":1.178797732},
{"learn":[0.256147099],"iteration":702,"passed_time":2.781387119,"remaining_time":1.17506682},
{"learn":[0.2561233949],"iteration":703,"passed_time":2.785412431,"remaining_time":1.171139318},
{"learn":[0.2561006575],"iteration":704,"passed_time":2.789466502,"remaining_time":1.167223572},
{"learn":[0.2560860713],"iteration":705,"passed_time":2.793832695,"remaining_time":1.163437411},
{"learn":[0.2560472878],"iteration":706,"passed_time":2.797864947,"remaining_time":1.159511216},
{"learn":[0.2560204198],"iteration":707,"passed_time":2.801556514,"remaining_time":1.155444212},
{"learn":[0.2559958147],"iteration":708,"passed_time":2.805517469,"remaining_time":1.151488834},
{"learn":[0.2559818369],"iteration":709,"passed_time":2.809542054,"remaining_time":1.14755943},
{"learn":[0.2559296989],"iteration":710,"passed_time":2.813409568,"remaining_time":1.143565914},
{"learn":[0.255887556],"iteration":711,"passed_time":2.817353057,"remaining_time":1.139603484},
{"learn":[0.2558553078],"iteration":712,"passed_time":2.821332932,"remaining_time":1.135655752},
{"learn":[0.2558081565],"iteration":713,"passed_time":2.825513321,"remaining_time":1.131788249},
{"learn":[0.2557742666],"iteration":714,"passed_time":2.829549734,"remaining_time":1.127862481},
{"learn":[0.255746915],"iteration":715,"passed_time":2.833296552,"remaining_time":1.123821537},
{"learn":[0.2557169962],"iteration":716,"passed_time":2.837142409,"remaining_time":1.119820505},
{"learn":[0.2556754711],"iteration":717,"passed_time":2.840902394,"remaining_time":1.115786177},
{"learn":[0.2556636329],"iteration":718,"passed_time":2.844439925,"remaining_time":1.111665673},
{"learn":[0.2556168364],"iteration":719,"passed_time":2.848394265,"remaining_time":1.107708881},
{"learn":[0.2555855647],"iteration":720,"passed_time":2.852251297,"remaining_time":1.103714441},
{"learn":[0.2555660724],"iteration":721,"passed_time":2.855846677,"remaining_time":1.099619635},
{"learn":[0.2555284052],"iteration":722,"passed_time":2.859607246,"remaining_time":1.095589498},
{"learn":[0.2555017155],"iteration":723,"passed_time":2.863244168,"remaining_time":1.09151297},
{"learn":[0.255486691],"iteration":724,"passed_time":2.86694585,"remaining_time":1.087462219},
{"learn":[0.2554759744],"iteration":725,"passed_time":2.870610815,"remaining_time":1.083398572},
{"learn":[0.2554636839],"iteration":726,"passed_time":2.874482856,"remaining_time":1.079413782},
{"learn":[0.2554437491],"iteration":727,"passed_time":2.87851929,"remaining_time":1.075490724},
{"learn":[0.255413664],"iteration":728,"passed_time":2.882277967,"remaining_time":1.0714641},
{"learn":[0.2553726548],"iteration":729,"passed_time":2.886186301,"remaining_time":1.067493563},
{"learn":[0.2553625983],"iteration":730,"passed_time":2.889939457,"remaining_time":1.063466093},
{"learn":[0.2553435975],"iteration":731,"passed_time":2.893731957,"remaining_time":1.059453777},
{"learn":[0.255307244],"iteration":732,"passed_time":2.897505147,"remaining_time":1.055435026},
{"learn":[0.2552960214],"iteration":733,"passed_time":2.901278423,"remaining_time":1.051416976},
{"learn":[0.2552821799],"iteration":734,"passed_time":2.905114052,"remaining_time":1.047422073},
{"learn":[0.2552483768],"iteration":735,"passed_time":2.908969587,"remaining_time":1.043434743},
{"learn":[0.2552374636],"iteration":736,"passed_time":2.912723844,"remaining_time":1.039411629},
{"learn":[0.2552282473],"iteration":737,"passed_time":2.916463507,"remaining_time":1.035384063},
{"learn":[0.2551924077],"iteration":738,"passed_time":2.920259091,"remaining_time":1.031377027},
{"learn":[0.2551657641],"iteration":739,"passed_time":2.924066917,"remaining_time":1.027374863},
{"learn":[0.2551521373],"iteration":740,"passed_time":2.927724725,"remaining_time":1.023320788},
{"learn":[0.255124219],"iteration":741,"passed_time":2.931462189,"remaining_time":1.019295478},
{"learn":[0.2551069256],"iteration":742,"passed_time":2.935298189,"remaining_time":1.015305027},
{"learn":[0.2550637572],"iteration":743,"passed_time":2.939169506,"remaining_time":1.011327142},
{"learn":[0.2550357059],"iteration":744,"passed_time":2.94288704,"remaining_time":1.007296906},
{"learn":[0.255017616],"iteration":745,"passed_time":2.946627978,"remaining_time":1.003275478},
{"learn":[0.2549800725],"iteration":746,"passed_time":2.950537239,"remaining_time":0.9993118093},
{"learn":[0.2549568553],"iteration":747,"passed_time":2.954785506,"remaining_time":0.9954624967},
{"learn":[0.2549109787],"iteration":748,"passed_time":2.959449444,"remaining_time":0.9917514159},
{"learn":[0.2548946738],"iteration":749,"passed_time":2.963682009,"remaining_time":0.9878940031},
{"learn":[0.254870995],"iteration":750,"passed_time":2.968181232,"remaining_time":0.9841240036},
{"learn":[0.2548447193],"iteration":751,"passed_time":2.972469175,"remaining_time":0.9802823877},
{"learn":[0.254818384],"iteration":752,"passed_time":2.97676542,"remaining_time":0.976442309},
{"learn":[0.2547798023],"iteration":753,"passed_time":2.981170831,"remaining_time":0.9726366372},
{"learn":[0.2547589222],"iteration":754,"passed_time":2.98506383,"remaining_time":0.9686630972},
{"learn":[0.254724014],"iteration":755,"passed_time":2.988943187,"remaining_time":0.9646853672},
{"learn":[0.2546953425],"iteration":756,"passed_time":2.992696593,"remaining_time":0.9606674664},
{"learn":[0.2546655231],"iteration":757,"passed_time":2.996466771,"remaining_time":0.9566556182},
{"learn":[0.2546097637],"iteration":758,"passed_time":3.000419742,"remaining_time":0.9527024478},
{"learn":[0.2545631105],"iteration":759,"passed_time":3.004408618,"remaining_time":0.9487606161},
{"learn":[0.2545386975],"iteration":760,"passed_time":3.008112716,"remaining_time":0.9447292236},
{"learn":[0.2545126037],"iteration":761,"passed_time":3.011892746,"remaining_time":0.9407224062},
{"learn":[0.2544836592],"iteration":762,"passed_time":3.015984801,"remaining_time":0.9368131035},
{"learn":[0.2544533698],"iteration":763,"passed_time":3.020124601,"remaining_time":0.9329180706},
{"learn":[0.2544204007],"iteration":764,"passed_time":3.02401255,"remaining_time":0.9289450316},
{"learn":[0.2544090383],"iteration":765,"passed_time":3.027662226,"remaining_time":0.9248994269},
{"learn":[0.2543851098],"iteration":766,"passed_time":3.031644282,"remaining_time":0.9209558248},
{"learn":[0.2543686031],"iteration":767,"passed_time":3.035582895,"remaining_time":0.9169989994},
{"learn":[0.2543212097],"iteration":768,"passed_time":3.039438122,"remaining_time":0.9130171732},
{"learn":[0.2542953437],"iteration":769,"passed_time":3.043045945,"remaining_time":0.9089617758},
{"learn":[0.254273348],"iteration":770,"passed_time":3.047162302,"remaining_time":0.9050585825},
{"learn":[0.2542602821],"iteration":771,"passed_time":3.050960711,"remaining_time":0.9010609355},
{"learn":[0.2542104525],"iteration":772,"passed_time":3.054813009,"remaining_time":0.8970796288},
{"learn":[0.2541882861],"iteration":773,"passed_time":3.058629206,"remaining_time":0.8930881143},
{"learn":[0.2541827708],"iteration":774,"passed_time":3.062113703,"remaining_time":0.8890007526},
{"learn":[0.2541535324],"iteration":775,"passed_time":3.06591517,"remaining_time":0.8850064409},
{"learn":[0.2541365851],"iteration":776,"passed_time":3.069728016,"remaining_time":0.8810158914},
{"learn":[0.2540923016],"iteration":777,"passed_time":3.073474366,"remaining_time":0.8770068241},
{"learn":[0.254068828],"iteration":778,"passed_time":3.077201496,"remaining_time":0.872992979},
{"learn":[0.2540529438],"iteration":779,"passed_time":3.081017768,"remaining_time":0.8690050114},
{"learn":[0.2540144426],"iteration":780,"passed_time":3.084894749,"remaining_time":0.8650345072},
{"learn":[0.2539973939],"iteration":781,"passed_time":3.088426161,"remaining_time":0.8609679068},
{"learn":[0.2539637524],"iteration":782,"passed_time":3.092166751,"remaining_time":0.8569606449},
{"learn":[0.253928533],"iteration":783,"passed_time":3.096368608,"remaining_time":0.853081147},
{"learn":[0.2539002223],"iteration":784,"passed_time":3.100125984,"remaining_time":0.8490790911},
{"learn":[0.2538619584],"iteration":785,"passed_time":3.103790898,"remaining_time":0.8450524836},
{"learn":[0.2538352421],"iteration":786,"passed_time":3.107365696,"remaining_time":0.8410024056},
{"learn":[0.2537898551],"iteration":787,"passed_time":3.111377402,"remaining_time":0.8370710778},
{"learn":[0.2537623648],"iteration":788,"passed_time":3.115062119,"remaining_time":0.8330521004},
{"learn":[0.2537500393],"iteration":789,"passed_time":3.1188368,"remaining_time":0.8290578836},
{"learn":[0.25371544],"iteration":790,"passed_time":3.122586553,"remaining_time":0.8250576354},
{"learn":[0.2536728133],"iteration":791,"passed_time":3.126527481,"remaining_time":0.8211082275},
{"learn":[0.2536486686],"iteration":792,"passed_time":3.130276471,"remaining_time":0.8171087382},
{"learn":[0.2536231122],"iteration":793,"passed_time":3.134157996,"remaining_time":0.8131442659},
{"learn":[0.2535874673],"iteration":794,"passed_time":3.138059294,"remaining_time":0.8091851011},
{"learn":[0.2535708792],"iteration":795,"passed_time":3.14177402,"remaining_time":0.8051782663},
{"learn":[0.25353726],"iteration":796,"passed_time":3.145760999,"remaining_time":0.8012415093},
{"learn":[0.2535262415],"iteration":797,"passed_time":3.149433165,"remaining_time":0.7972249365},
{"learn":[0.2535123696],"iteration":798,"passed_time":3.153814334,"remaining_time":0.793387586},
{"learn":[0.2534786532],"iteration":799,"passed_time":3.158373371,"remaining_time":0.7895933429},
{"learn":[0.2534667853],"iteration":800,"passed_time":3.162547172,"remaining_time":0.7857014822},
{"learn":[0.2534430353],"iteration":801,"passed_time":3.167043898,"remaining_time":0.7818886432},
{"learn":[0.2534254936],"iteration":802,"passed_time":3.17123444,"remaining_time":0.7779989846},
{"learn":[0.2534089014],"iteration":803,"passed_time":3.175521721,"remaining_time":0.7741321609},
{"learn":[0.2533674698],"iteration":804,"passed_time":3.180058141,"remaining_time":0.7703246428},
{"learn":[0.2533409113],"iteration":805,"passed_time":3.183935636,"remaining_time":0.7663567163},
{"learn":[0.2533004055],"iteration":806,"passed_time":3.187764427,"remaining_time":0.7623773661},
{"learn":[0.2532758951],"iteration":807,"passed_time":3.191544192,"remaining_time":0.7583867386},
{"learn":[0.2532509042],"iteration":808,"passed_time":3.195473665,"remaining_time":0.7544319777},
{"learn":[0.2532232421],"iteration":809,"passed_time":3.19921419,"remaining_time":0.7504329582},
{"learn":[0.2531893348],"iteration":810,"passed_time":3.202969345,"remaining_time":0.7464379855},
{"learn":[0.2531691613],"iteration":811,"passed_time":3.206694926,"remaining_time":0.7424367563},
{"learn":[0.2531437997],"iteration":812,"passed_time":3.210924689,"remaining_time":0.7385521733},
{"learn":[0.2531134715],"iteration":813,"passed_time":3.214847953,"remaining_time":0.7345967067},
{"learn":[0.253088936],"iteration":814,"passed_time":3.218621031,"remaining_time":0.7306072279},
{"learn":[0.2530660827],"iteration":815,"passed_time":3.222390009,"remaining_time":0.726617355},
{"learn":[0.253016438],"iteration":816,"passed_time":3.226354951,"remaining_time":0.7226719167},
{"learn":[0.252968558],"iteration":817,"passed_time":3.230415847,"remaining_time":0.7187477802},
{"learn":[0.2529414417],"iteration":818,"passed_time":3.234900338,"remaining_time":0.7149169245},
{"learn":[0.2529124036],"iteration":819,"passed_time":3.239202549,"remaining_time":0.711044462},
{"learn":[0.2528636015],"iteration":820,"passed_time":3.243834734,"remaining_time":0.7072428958},
{"learn":[0.2528392535],"iteration":821,"passed_time":3.247787797,"remaining_time":0.703292248},
{"learn":[0.252800857],"iteration":822,"passed_time":3.251384757,"remaining_time":0.6992650086},
{"learn":[0.2527855373],"iteration":823,"passed_time":3.2551312,"remaining_time":0.6952707417},
{"learn":[0.2527561449],"iteration":824,"passed_time":3.259491889,"remaining_time":0.6914073703},
{"learn":[0.2527251876],"iteration":825,"passed_time":3.263601215,"remaining_time":0.6874898444},
{"learn":[0.252689297],"iteration":826,"passed_time":3.267568949,"remaining_time":0.6835422348},
{"learn":[0.2526833723],"iteration":827,"passed_time":3.271349007,"remaining_time":0.6795555909},
{"learn":[0.2526609254],"iteration":828,"passed_time":3.275138369,"remaining_time":0.6755713644},
{"learn":[0.2526217874],"iteration":829,"passed_time":3.279212913,"remaining_time":0.6716460184},
{"learn":[0.2525985298],"iteration":830,"passed_time":3.283020394,"remaining_time":0.6676660007},
{"learn":[0.2525688295],"iteration":831,"passed_time":3.286785662,"remaining_time":0.6636778741},
{"learn":[0.2525632312],"iteration":832,"passed_time":3.290511746,"remaining_time":0.6596824269},
{"learn":[0.2525423045],"iteration":833,"passed_time":3.294449959,"remaining_time":0.655729848},
{"learn":[0.2525210217],"iteration":834,"passed_time":3.298249372,"remaining_time":0.6517498759},
{"learn":[0.2525101015],"iteration":835,"passed_time":3.301691927,"remaining_time":0.6477003302},
{"learn":[0.2524870866],"iteration":836,"passed_time":3.30551318,"remaining_time":0.6437259837},
{"learn":[0.2524518122],"iteration":837,"passed_time":3.30938364,"remaining_time":0.6397615151},
{"learn":[0.2524285306],"iteration":838,"passed_time":3.313289441,"remaining_time":0.6358040524},
{"learn":[0.2524055816],"iteration":839,"passed_time":3.31703454,"remaining_time":0.6318161029},
{"learn":[0.2523680715],"iteration":840,"passed_time":3.320763443,"remaining_time":0.6278256688},
{"learn":[0.2523421799],"iteration":841,"passed_time":3.324641589,"remaining_time":0.6238638612},
{"learn":[0.2523112832],"iteration":842,"passed_time":3.328614607,"remaining_time":0.6199199209},
{"learn":[0.252282913],"iteration":843,"passed_time":3.332274498,"remaining_time":0.6159180351},
{"learn":[0.2522559088],"iteration":844,"passed_time":3.336088119,"remaining_time":0.611945158},
{"learn":[0.2522284331],"iteration":845,"passed_time":3.339899476,"remaining_time":0.607972245},
{"learn":[0.2521928393],"iteration":846,"passed_time":3.343842258,"remaining_time":0.6040234539},
{"learn":[0.2521815105],"iteration":847,"passed_time":3.347369967,"remaining_time":0.6000002772},
{"learn":[0.2521475625],"iteration":848,"passed_time":3.352221642,"remaining_time":0.5962137431},
{"learn":[0.2521343742],"iteration":849,"passed_time":3.356786113,"remaining_time":0.5923740199},
{"learn":[0.2521054227],"iteration":850,"passed_time":3.361147169,"remaining_time":0.5884969779},
{"learn":[0.252072613],"iteration":851,"passed_time":3.365502518,"remaining_time":0.5846178083},
{"learn":[0.2520461116],"iteration":852,"passed_time":3.369968927,"remaining_time":0.5807566615},
{"learn":[0.2520308574],"iteration":853,"passed_time":3.374154152,"remaining_time":0.576846026},
{"learn":[0.251993899],"iteration":854,"passed_time":3.378902049,"remaining_time":0.573030172},
{"learn":[0.2519643683],"iteration":855,"passed_time":3.38265252,"remaining_time":0.5690443491},
{"learn":[0.2519393387],"iteration":856,"passed_time":3.386624913,"remaining_time":0.5650961057},
{"learn":[0.2519105965],"iteration":857,"passed_time":3.390735278,"remaining_time":0.5611706403},
{"learn":[0.2518897181],"iteration":858,"passed_time":3.394549418,"remaining_time":0.557196121},
{"learn":[0.2518599545],"iteration":859,"passed_time":3.398290074,"remaining_time":0.5532100121},
{"learn":[0.2518207174],"iteration":860,"passed_time":3.40224576,"remaining_time":0.5492591877},
{"learn":[0.2518093573],"iteration":861,"passed_time":3.406123081,"remaining_time":0.5452958064},
{"learn":[0.2517695188],"iteration":862,"passed_time":3.410141476,"remaining_time":0.5413550199},
{"learn":[0.2517274385],"iteration":863,"passed_time":3.413857432,"remaining_time":0.5373664477},
{"learn":[0.251714014],"iteration":864,"passed_time":3.417523542,"remaining_time":0.5333707262},
{"learn":[0.2516800061],"iteration":865,"passed_time":3.42118078,"remaining_time":0.5293743932},
{"learn":[0.2516610321],"iteration":866,"passed_time":3.425227458,"remaining_time":0.5254385835},
{"learn":[0.2516563681],"iteration":867,"passed_time":3.428953583,"remaining_time":0.5214537707},
{"learn":[0.2516293287],"iteration":868,"passed_time":3.432724269,"remaining_time":0.5174762707},
{"learn":[0.2515950307],"iteration":869,"passed_time":3.436404044,"remaining_time":0.5134856618},
{"learn":[0.2515843788],"iteration":870,"passed_time":3.440516602,"remaining_time":0.5095598641},
{"learn":[0.2515608847],"iteration":871,"passed_time":3.444232529,"remaining_time":0.5055754172},
{"learn":[0.2515284791],"iteration":872,"passed_time":3.447870087,"remaining_time":0.5015801845},
{"learn":[0.251506257],"iteration":873,"passed_time":3.451685682,"remaining_time":0.497611437},
{"learn":[0.2514795556],"iteration":874,"passed_time":3.455595847,"remaining_time":0.4936565496},
{"learn":[0.2514201468],"iteration":875,"passed_time":3.459509022,"remaining_time":0.4897021903},
{"learn":[0.2513868059],"iteration":876,"passed_time":3.463289382,"remaining_time":0.4857292976},
{"learn":[0.2513528859],"iteration":877,"passed_time":3.467052915,"remaining_time":0.4817545053},
{"learn":[0.2513312499],"iteration":878,"passed_time":3.470793717,"remaining_time":0.4777770645},
{"learn":[0.2512987653],"iteration":879,"passed_time":3.474817262,"remaining_time":0.4738387176},
{"learn":[0.2512701219],"iteration":880,"passed_time":3.478666603,"remaining_time":0.4698766467},
{"learn":[0.2512315149],"iteration":881,"passed_time":3.482497704,"remaining_time":0.4659123912},
{"learn":[0.2512147373],"iteration":882,"passed_time":3.486204947,"remaining_time":0.4619320258},
{"learn":[0.2512019724],"iteration":883,"passed_time":3.489829568,"remaining_time":0.4579414365},
{"learn":[0.2511669653],"iteration":884,"passed_time":3.493547454,"remaining_time":0.4539637934},
{"learn":[0.2511449283],"iteration":885,"passed_time":3.497303818,"remaining_time":0.4499916877},
{"learn":[0.2511115493],"iteration":886,"passed_time":3.501330013,"remaining_time":0.4460544436},
{"learn":[0.2510844256],"iteration":887,"passed_time":3.50504441,"remaining_time":0.4420776733},
{"learn":[0.251071031],"iteration":888,"passed_time":3.508722746,"remaining_time":0.4380969908},
{"learn":[0.2510424194],"iteration":889,"passed_time":3.512452338,"remaining_time":0.4341233227},
{"learn":[0.2510153777],"iteration":890,"passed_time":3.516330669,"remaining_time":0.4301683983},
{"learn":[0.2509770956],"iteration":891,"passed_time":3.520385852,"remaining_time":0.4262350583},
{"learn":[0.2509363192],"iteration":892,"passed_time":3.524070312,"remaining_time":0.4222570251},
{"learn":[0.2509168465],"iteration":893,"passed_time":3.527722744,"remaining_time":0.4182758511},
{"learn":[0.2509023632],"iteration":894,"passed_time":3.531410129,"remaining_time":0.4142995123},
{"learn":[0.250863877],"iteration":895,"passed_time":3.535405949,"remaining_time":0.4103596191},
{"learn":[0.2508473676],"iteration":896,"passed_time":3.539164165,"remaining_time":0.4063923177},
{"learn":[0.2508240219],"iteration":897,"passed_time":3.542882865,"remaining_time":0.4024209935},
{"learn":[0.25079156],"iteration":898,"passed_time":3.546634271,"remaining_time":0.3984539058},
{"learn":[0.2507685951],"iteration":899,"passed_time":3.551254773,"remaining_time":0.3945838636},
{"learn":[0.2507541434],"iteration":900,"passed_time":3.55605715,"remaining_time":0.3907321397},
{"learn":[0.2507400722],"iteration":901,"passed_time":3.560313363,"remaining_time":0.3868189685},
{"learn":[0.2507081524],"iteration":902,"passed_time":3.564879296,"remaining_time":0.3829383076},
{"learn":[0.2507033303],"iteration":903,"passed_time":3.56924127,"remaining_time":0.3790344712},
{"learn":[0.250688452],"iteration":904,"passed_time":3.573570643,"remaining_time":0.3751262},
{"learn":[0.2506569094],"iteration":905,"passed_time":3.577686366,"remaining_time":0.3711948327},
{"learn":[0.2506307605],"iteration":906,"passed_time":3.58175854,"remaining_time":0.3672585934},
{"learn":[0.2505930279],"iteration":907,"passed_time":3.585864395,"remaining_time":0.3633254673},
{"learn":[0.2505834306],"iteration":908,"passed_time":3.589513271,"remaining_time":0.359346213},
{"learn":[0.2505670849],"iteration":909,"passed_time":3.593191756,"remaining_time":0.3553706132},
{"learn":[0.2505346138],"iteration":910,"passed_time":3.597049227,"remaining_time":0.3514131517},
{"learn":[0.2505122941],"iteration":911,"passed_time":3.600861702,"remaining_time":0.3474515678},
{"learn":[0.2504736214],"iteration":912,"passed_time":3.604702369,"remaining_time":0.3434929969},
{"learn":[0.2504540225],"iteration":913,"passed_time":3.608479838,"remaining_time":0.3395287374},
{"learn":[0.2504266229],"iteration":914,"passed_time":3.612260205,"remaining_time":0.3355651557},
{"learn":[0.2504143421],"iteration":915,"passed_time":3.61608011,"remaining_time":0.3316055997},
{"learn":[0.2503995512],"iteration":916,"passed_time":3.619999035,"remaining_time":0.3276553107},
{"learn":[0.2503805785],"iteration":917,"passed_time":3.623563449,"remaining_time":0.3236734236},
{"learn":[0.2503583191],"iteration":918,"passed_time":3.627471451,"remaining_time":0.3197227285},
{"learn":[0.2503341286],"iteration":919,"passed_time":3.631384983,"remaining_time":0.3157726072},
{"learn":[0.25032991],"iteration":920,"passed_time":3.635213852,"remaining_time":0.3118153033},
{"learn":[0.2502882822],"iteration":921,"passed_time":3.638966084,"remaining_time":0.3078517945},
{"learn":[0.2502649682],"iteration":922,"passed_time":3.64271864,"remaining_time":0.3038887707},
{"learn":[0.2502390517],"iteration":923,"passed_time":3.646585035,"remaining_time":0.2999355657},
{"learn":[0.250229712],"iteration":924,"passed_time":3.650496581,"remaining_time":0.2959862093},
{"learn":[0.2502024125],"iteration":925,"passed_time":3.654328249,"remaining_time":0.2920305512},
{"learn":[0.2501862184],"iteration":926,"passed_time":3.657914534,"remaining_time":0.2880558371},
{"learn":[0.2501771019],"iteration":927,"passed_time":3.661641236,"remaining_time":0.2840928545},
{"learn":[0.2501385422],"iteration":928,"passed_time":3.665409658,"remaining_time":0.2801335691},
{"learn":[0.250126888],"iteration":929,"passed_time":3.669435172,"remaining_time":0.2761940452},
{"learn":[0.2501151607],"iteration":930,"passed_time":3.673182716,"remaining_time":0.2722337351},
{"learn":[0.250078122],"iteration":931,"passed_time":3.677314808,"remaining_time":0.2683019388},
{"learn":[0.2500470322],"iteration":932,"passed_time":3.681095616,"remaining_time":0.2643444869},
{"learn":[0.2500166381],"iteration":933,"passed_time":3.685117175,"remaining_time":0.2604044256},
{"learn":[0.2499924792],"iteration":934,"passed_time":3.689015253,"remaining_time":0.2564556058},
{"learn":[0.2499797235],"iteration":935,"passed_time":3.692655352,"remaining_time":0.2524892548},
{"learn":[0.2499568978],"iteration":936,"passed_time":3.696559666,"remaining_time":0.248541365},
{"learn":[0.2499291293],"iteration":937,"passed_time":3.700567371,"remaining_time":0.2446004019},
{"learn":[0.2499073832],"iteration":938,"passed_time":3.704394756,"remaining_time":0.2406475827},
{"learn":[0.2498955723],"iteration":939,"passed_time":3.70788313,"remaining_time":0.2366733913},
{"learn":[0.2498870461],"iteration":940,"passed_time":3.711810341,"remaining_time":0.2327277472},
{"learn":[0.2498784256],"iteration":941,"passed_time":3.715607136,"remaining_time":0.2287741124},
{"learn":[0.2498509817],"iteration":942,"passed_time":3.719521182,"remaining_time":0.2248278975},
{"learn":[0.2498290672],"iteration":943,"passed_time":3.723289722,"remaining_time":0.2208731191},
{"learn":[0.2498164475],"iteration":944,"passed_time":3.726920259,"remaining_time":0.2169107029},
{"learn":[0.2498057071],"iteration":945,"passed_time":3.730595766,"remaining_time":0.2129515554},
{"learn":[0.2497812154],"iteration":946,"passed_time":3.734503502,"remaining_time":0.2090060038},
{"learn":[0.2497787563],"iteration":947,"passed_time":3.738055413,"remaining_time":0.2050410142},
{"learn":[0.2497539696],"iteration":948,"passed_time":3.741648085,"remaining_time":0.2010790857},
{"learn":[0.2497394097],"iteration":949,"passed_time":3.745384741,"remaining_time":0.1971255127},
{"learn":[0.2497220263],"iteration":950,"passed_time":3.750153202,"remaining_time":0.1932255593},
{"learn":[0.2497182029],"iteration":951,"passed_time":3.754512019,"remaining_time":0.189303127},
{"learn":[0.249693117],"iteration":952,"passed_time":3.758966182,"remaining_time":0.1853844812},
{"learn":[0.2496535908],"iteration":953,"passed_time":3.763369069,"remaining_time":0.1814622402},
{"learn":[0.2496291449],"iteration":954,"passed_time":3.767687187,"remaining_time":0.1775349983},
{"learn":[0.2495931468],"iteration":955,"passed_time":3.772000218,"remaining_time":0.1736067046},
{"learn":[0.2495616921],"iteration":956,"passed_time":3.776738283,"remaining_time":0.1696967044},
{"learn":[0.2495387472],"iteration":957,"passed_time":3.780768933,"remaining_time":0.1657539616},
{"learn":[0.2494934836],"iteration":958,"passed_time":3.784674105,"remaining_time":0.1618056708},
{"learn":[0.2494595104],"iteration":959,"passed_time":3.788489723,"remaining_time":0.1578537384},
{"learn":[0.249436201],"iteration":960,"passed_time":3.792370233,"remaining_time":0.1539047233},
{"learn":[0.249427548],"iteration":961,"passed_time":3.796171227,"remaining_time":0.1499527096},
{"learn":[0.2493896588],"iteration":962,"passed_time":3.800041268,"remaining_time":0.1460036624},
{"learn":[0.2493491429],"iteration":963,"passed_time":3.803838732,"remaining_time":0.1420520688},
{"learn":[0.2493386305],"iteration":964,"passed_time":3.807427051,"remaining_time":0.1380932091},
{"learn":[0.2493204936],"iteration":965,"passed_time":3.811279712,"remaining_time":0.1341444205},
{"learn":[0.2492940411],"iteration":966,"passed_time":3.815013393,"remaining_time":0.1301917704},
{"learn":[0.2492458148],"iteration":967,"passed_time":3.818855369,"remaining_time":0.1262431527},
{"learn":[0.2492227436],"iteration":968,"passed_time":3.822672627,"remaining_time":0.1222939643},
{"learn":[0.2492106556],"iteration":969,"passed_time":3.826580332,"remaining_time":0.1183478453},
{"learn":[0.2492030368],"iteration":970,"passed_time":3.830356906,"remaining_time":0.1143978891},
{"learn":[0.2491779176],"iteration":971,"passed_time":3.834104312,"remaining_time":0.1104474493},
{"learn":[0.2491516788],"iteration":972,"passed_time":3.837904059,"remaining_time":0.1064988793},
{"learn":[0.249127241],"iteration":973,"passed_time":3.841723367,"remaining_time":0.1025511371},
{"learn":[0.2491093007],"iteration":974,"passed_time":3.845490298,"remaining_time":0.09860231534},
{"learn":[0.2491047673],"iteration":975,"passed_time":3.849188582,"remaining_time":0.09465217825},
{"learn":[0.2490622452],"iteration":976,"passed_time":3.85297566,"remaining_time":0.09070464706},
{"learn":[0.2490315124],"iteration":977,"passed_time":3.857191728,"remaining_time":0.08676709408},
{"learn":[0.2489982616],"iteration":978,"passed_time":3.861070556,"remaining_time":0.08282173817},
{"learn":[0.2489627922],"iteration":979,"passed_time":3.865040473,"remaining_time":0.078878377},
{"learn":[0.248925384],"iteration":980,"passed_time":3.868734005,"remaining_time":0.07492960866},
{"learn":[0.2489196371],"iteration":981,"passed_time":3.872662529,"remaining_time":0.07098566754},
{"learn":[0.2488871503],"iteration":982,"passed_time":3.876671909,"remaining_time":0.06704315611},
{"learn":[0.2488536123],"iteration":983,"passed_time":3.880541957,"remaining_time":0.0630982432},
{"learn":[0.2488437215],"iteration":984,"passed_time":3.884153973,"remaining_time":0.05914955289},
{"learn":[0.2488115762],"iteration":985,"passed_time":3.887862257,"remaining_time":0.05520291238},
{"learn":[0.2487852971],"iteration":986,"passed_time":3.891592481,"remaining_time":0.05125704383},
{"learn":[0.2487752473],"iteration":987,"passed_time":3.895426018,"remaining_time":0.04731286662},
{"learn":[0.2487651611],"iteration":988,"passed_time":3.89912826,"remaining_time":0.04336745284},
{"learn":[0.2487570692],"iteration":989,"passed_time":3.902823592,"remaining_time":0.03942246053},
{"learn":[0.2487530529],"iteration":990,"passed_time":3.906507824,"remaining_time":0.03547787126},
{"learn":[0.2487410882],"iteration":991,"passed_time":3.910470508,"remaining_time":0.03153605248},
{"learn":[0.2486930029],"iteration":992,"passed_time":3.914297021,"remaining_time":0.02759323177},
{"learn":[0.2486659337],"iteration":993,"passed_time":3.918263296,"remaining_time":0.02365148871},
{"learn":[0.2486360006],"iteration":994,"passed_time":3.922142663,"remaining_time":0.01970925961},
{"learn":[0.2485969538],"iteration":995,"passed_time":3.92606048,"remaining_time":0.01576731116},
{"learn":[0.2485601926],"iteration":996,"passed_time":3.929866081,"remaining_time":0.01182507346},
{"learn":[0.2485466721],"iteration":997,"passed_time":3.933403875,"remaining_time":0.007882572897},
{"learn":[0.248537705],"iteration":998,"passed_time":3.937048281,"remaining_time":0.00394098927},
{"learn":[0.2485241841],"iteration":999,"passed_time":3.940871621,"remaining_time":0}
]}