{
"meta":{"test_sets":[],"test_metrics":[],"learn_metrics":[{"best_value":"Min","name":"Logloss"}],"launch_mode":"Train","parameters":"","iteration_count":1000,"learn_sets":["learn"],"name":"experiment"},
"iterations":[
{"learn":[0.6431383571],"iteration":0,"passed_time":0.06021194875,"remaining_time":60.1517368},
{"learn":[0.6070662687],"iteration":1,"passed_time":0.06729972881,"remaining_time":33.58256467},
{"learn":[0.5715620178],"iteration":2,"passed_time":0.07720775935,"remaining_time":25.65871202},
{"learn":[0.5420826806],"iteration":3,"passed_time":0.08698620549,"remaining_time":21.65956517},
{"learn":[0.5166496326],"iteration":4,"passed_time":0.09769278007,"remaining_time":19.44086323},
{"learn":[0.4965209476],"iteration":5,"passed_time":0.108474377,"remaining_time":17.97058845},
{"learn":[0.4761857784],"iteration":6,"passed_time":0.1178247745,"remaining_time":16.71428587},
{"learn":[0.4562689676],"iteration":7,"passed_time":0.126747842,"remaining_time":15.7167324},
{"learn":[0.4406650258],"iteration":8,"passed_time":0.1348452809,"remaining_time":14.84796371},
{"learn":[0.426539799],"iteration":9,"passed_time":0.1429603035,"remaining_time":14.15307005},
{"learn":[0.4166386651],"iteration":10,"passed_time":0.1513243556,"remaining_time":13.60543524},
{"learn":[0.4057183781],"iteration":11,"passed_time":0.1596254018,"remaining_time":13.14249141},
{"learn":[0.3968422641],"iteration":12,"passed_time":0.16785517,"remaining_time":12.74408098},
{"learn":[0.3883363302],"iteration":13,"passed_time":0.1757600749,"remaining_time":12.37853099},
{"learn":[0.3818814741],"iteration":14,"passed_time":0.184168752,"remaining_time":12.09374804},
{"learn":[0.3765963948],"iteration":15,"passed_time":0.1926535315,"remaining_time":11.84819219},
{"learn":[0.3706068779],"iteration":16,"passed_time":0.2021620449,"remaining_time":11.68972295},
{"learn":[0.3652329258],"iteration":17,"passed_time":0.211652033,"remaining_time":11.54679425},
{"learn":[0.3614826682],"iteration":18,"passed_time":0.2224770465,"remaining_time":11.48684119},
{"learn":[0.3564961109],"iteration":19,"passed_time":0.2386552432,"remaining_time":11.69410692},
{"learn":[0.3524591212],"iteration":20,"passed_time":0.2492844515,"remaining_time":11.62140372},
{"learn":[0.3492228025],"iteration":21,"passed_time":0.2608395408,"remaining_time":11.59550322},
{"learn":[0.3463029141],"iteration":22,"passed_time":0.270944085,"remaining_time":11.50923352},
{"learn":[0.3442314225],"iteration":23,"passed_time":0.2796494979,"remaining_time":11.37241292},
{"learn":[0.3415030219],"iteration":24,"passed_time":0.2887294895,"remaining_time":11.26045009},
{"learn":[0.3394049741],"iteration":25,"passed_time":0.2986907319,"remaining_time":11.18941434},
{"learn":[0.3375613096],"iteration":26,"passed_time":0.3089498746,"remaining_time":11.13363807},
{"learn":[0.3356115661],"iteration":27,"passed_time":0.3184528925,"remaining_time":11.0548647},
{"learn":[0.3336204111],"iteration":28,"passed_time":0.3274701418,"remaining_time":10.96460371},
{"learn":[0.3324240775],"iteration":29,"passed_time":0.3363789508,"remaining_time":10.87625274},
{"learn":[0.3304512059],"iteration":30,"passed_time":0.3442421865,"remaining_time":10.76034447},
{"learn":[0.3283718854],"iteration":31,"passed_time":0.3532320909,"remaining_time":10.68527075},
{"learn":[0.3268133943],"iteration":32,"passed_time":0.3629513244,"remaining_time":10.63557366},
{"learn":[0.3253779346],"iteration":33,"passed_time":0.3726099644,"remaining_time":10.58650664},
{"learn":[0.324478084],"iteration":34,"passed_time":0.3807328685,"remaining_time":10.49734909},
{"learn":[0.323232005],"iteration":35,"passed_time":0.3899152626,"remaining_time":10.44106425},
{"learn":[0.3222128189],"iteration":36,"passed_time":0.3996040447,"remaining_time":10.40050527},
{"learn":[0.320966282],"iteration":37,"passed_time":0.4087859154,"remaining_time":10.34873817},
{"learn":[0.3197225645],"iteration":38,"passed_time":0.4170432108,"remaining_time":10.27637245},
{"learn":[0.3186712694],"iteration":39,"passed_time":0.4255242244,"remaining_time":10.21258139},
{"learn":[0.3177775422],"iteration":40,"passed_time":0.4344051035,"remaining_time":10.16084132},
{"learn":[0.3168104607],"iteration":41,"passed_time":0.4425040527,"remaining_time":10.09330673},
{"learn":[0.3156292368],"iteration":42,"passed_time":0.4526038843,"remaining_time":10.07306784},
{"learn":[0.3146754571],"iteration":43,"passed_time":0.4621078497,"remaining_time":10.04034328},
{"learn":[0.3139249279],"iteration":44,"passed_time":0.471765804,"remaining_time":10.01191873},
{"learn":[0.3131691005],"iteration":45,"passed_time":0.4819568645,"remaining_time":9.995366278},
{"learn":[0.3126550151],"iteration":46,"passed_time":0.4910561146,"remaining_time":9.956946325},
{"learn":[0.3120940184],"iteration":47,"passed_time":0.4999601756,"remaining_time":9.915876816},
{"learn":[0.3112431427],"iteration":48,"passed_time":0.509326938,"remaining_time":9.885100368},
{"learn":[0.3106000894],"iteration":49,"passed_time":0.5181954119,"remaining_time":9.845712825},
{"learn":[0.3098599107],"iteration":50,"passed_time":0.5263758196,"remaining_time":9.794718683},
{"learn":[0.308825462],"iteration":51,"passed_time":0.5352488476,"remaining_time":9.757998222},
{"learn":[0.3081017638],"iteration":52,"passed_time":0.5438691784,"remaining_time":9.717813432},
{"learn":[0.3075274339],"iteration":53,"passed_time":0.5518934178,"remaining_time":9.66835506},
{"learn":[0.3070516472],"iteration":54,"passed_time":0.5603140113,"remaining_time":9.627213467},
{"learn":[0.3067037663],"iteration":55,"passed_time":0.5684776925,"remaining_time":9.582909674},
{"learn":[0.3061180067],"iteration":56,"passed_time":0.577828336,"remaining_time":9.559510892},
{"learn":[0.3058203722],"iteration":57,"passed_time":0.5867911319,"remaining_time":9.530297349},
{"learn":[0.3051277086],"iteration":58,"passed_time":0.5962896159,"remaining_time":9.510314044},
{"learn":[0.3045837978],"iteration":59,"passed_time":0.6062460107,"remaining_time":9.497854167},
{"learn":[0.304057994],"iteration":60,"passed_time":0.6163974064,"remaining_time":9.488478109},
{"learn":[0.3037328069],"iteration":61,"passed_time":0.6251968582,"remaining_time":9.458623435},
{"learn":[0.3031632256],"iteration":62,"passed_time":0.6344904873,"remaining_time":9.436787089},
{"learn":[0.3028409491],"iteration":63,"passed_time":0.6451104266,"remaining_time":9.434739988},
{"learn":[0.3024092217],"iteration":64,"passed_time":0.6560555776,"remaining_time":9.437107154},
{"learn":[0.3019759955],"iteration":65,"passed_time":0.6670771892,"remaining_time":9.44015295},
{"learn":[0.3016633174],"iteration":66,"passed_time":0.6785001717,"remaining_time":9.448368063},
{"learn":[0.301439878],"iteration":67,"passed_time":0.688803505,"remaining_time":9.440659804},
{"learn":[0.3010283177],"iteration":68,"passed_time":0.6984714942,"remaining_time":9.424303784},
{"learn":[0.3006753639],"iteration":69,"passed_time":0.7084357784,"remaining_time":9.412075342},
{"learn":[0.2999857986],"iteration":70,"passed_time":0.7185557385,"remaining_time":9.40194762},
{"learn":[0.2996579224],"iteration":71,"passed_time":0.7292251092,"remaining_time":9.398901408},
{"learn":[0.2993484652],"iteration":72,"passed_time":0.7394826895,"remaining_time":9.390417167},
{"learn":[0.2991030107],"iteration":73,"passed_time":0.7507725953,"remaining_time":9.394803017},
{"learn":[0.2984841578],"iteration":74,"passed_time":0.7615655075,"remaining_time":9.39264126},
{"learn":[0.2980866108],"iteration":75,"passed_time":0.7720593511,"remaining_time":9.386616322},
{"learn":[0.2974988222],"iteration":76,"passed_time":0.7844092687,"remaining_time":9.402724091},
{"learn":[0.2972729758],"iteration":77,"passed_time":0.7954649346,"remaining_time":9.402803458},
{"learn":[0.2967382369],"iteration":78,"passed_time":0.8059795635,"remaining_time":9.396293392},
{"learn":[0.2965176437],"iteration":79,"passed_time":0.8156141494,"remaining_time":9.379562718},
{"learn":[0.2962921923],"iteration":80,"passed_time":0.824630738,"remaining_time":9.355995658},
{"learn":[0.2960435979],"iteration":81,"passed_time":0.8334876931,"remaining_time":9.330996369},
{"learn":[0.2957168976],"iteration":82,"passed_time":0.8405248425,"remaining_time":9.286280489},
{"learn":[0.295506167],"iteration":83,"passed_time":0.8475518517,"remaining_time":9.242351145},
{"learn":[0.2951140328],"iteration":84,"passed_time":0.8548148885,"remaining_time":9.201830859},
{"learn":[0.2950419822],"iteration":85,"passed_time":0.8618120176,"remaining_time":9.159257954},
{"learn":[0.2947942735],"iteration":86,"passed_time":0.8692778576,"remaining_time":9.122421655},
{"learn":[0.2945487593],"iteration":87,"passed_time":0.8764754614,"remaining_time":9.083472963},
{"learn":[0.294315124],"iteration":88,"passed_time":0.8853307457,"remaining_time":9.062205723},
{"learn":[0.2941695718],"iteration":89,"passed_time":0.8947693837,"remaining_time":9.047112658},
{"learn":[0.2940138157],"iteration":90,"passed_time":0.9022739726,"remaining_time":9.012824628},
{"learn":[0.2937439278],"iteration":91,"passed_time":0.9096361721,"remaining_time":8.977713524},
{"learn":[0.2933705029],"iteration":92,"passed_time":0.9176019408,"remaining_time":8.949085595},
{"learn":[0.293039128],"iteration":93,"passed_time":0.9253205264,"remaining_time":8.918514861},
{"learn":[0.2928659628],"iteration":94,"passed_time":0.9337390409,"remaining_time":8.895092968},
{"learn":[0.2926214339],"iteration":95,"passed_time":0.942030485,"remaining_time":8.870787067},
{"learn":[0.292472741],"iteration":96,"passed_time":0.949916286,"remaining_time":8.843035116},
{"learn":[0.2922815293],"iteration":97,"passed_time":0.9571612293,"remaining_time":8.809790091},
{"learn":[0.2921102601],"iteration":98,"passed_time":0.964532948,"remaining_time":8.778224102},
{"learn":[0.2919424908],"iteration":99,"passed_time":0.9712962203,"remaining_time":8.741665983},
{"learn":[0.291772228],"iteration":100,"passed_time":0.9784173403,"remaining_time":8.708883059},
{"learn":[0.2916285999],"iteration":101,"passed_time":0.9866015322,"remaining_time":8.685962509},
{"learn":[0.2915223483],"iteration":102,"passed_time":0.9949623376,"remaining_time":8.664866183},
{"learn":[0.2912847217],"iteration":103,"passed_time":1.002694607,"remaining_time":8.638599687},
{"learn":[0.2910769188],"iteration":104,"passed_time":1.010741963,"remaining_time":8.615371973},
{"learn":[0.2909141171],"iteration":105,"passed_time":1.018805935,"remaining_time":8.592570811},
{"learn":[0.2907760942],"iteration":106,"passed_time":1.026797556,"remaining_time":8.569441285},
{"learn":[0.2906461716],"iteration":107,"passed_time":1.035606582,"remaining_time":8.553343248},
{"learn":[0.290482757],"iteration":108,"passed_time":1.044527295,"remaining_time":8.538291929},
{"learn":[0.2904124225],"iteration":109,"passed_time":1.052804972,"remaining_time":8.518149318},
{"learn":[0.2902768598],"iteration":110,"passed_time":1.060563231,"remaining_time":8.494060474},
{"learn":[0.2898469717],"iteration":111,"passed_time":1.068471273,"remaining_time":8.471450805},
{"learn":[0.2897095201],"iteration":112,"passed_time":1.075835555,"remaining_time":8.444833073},
{"learn":[0.2895987426],"iteration":113,"passed_time":1.083624705,"remaining_time":8.421855162},
{"learn":[0.2892871202],"iteration":114,"passed_time":1.091595289,"remaining_time":8.40053766},
{"learn":[0.2891847113],"iteration":115,"passed_time":1.098756384,"remaining_time":8.373281408},
{"learn":[0.2890437358],"iteration":116,"passed_time":1.105967318,"remaining_time":8.346744799},
{"learn":[0.288930284],"iteration":117,"passed_time":1.113089468,"remaining_time":8.319872125},
{"learn":[0.2888186497],"iteration":118,"passed_time":1.120503997,"remaining_time":8.295495976},
{"learn":[0.2885867125],"iteration":119,"passed_time":1.127468562,"remaining_time":8.26810279},
{"learn":[0.2884351439],"iteration":120,"passed_time":1.134536157,"remaining_time":8.241795721},
{"learn":[0.288345516],"iteration":121,"passed_time":1.141296811,"remaining_time":8.213595083},
{"learn":[0.288155307],"iteration":122,"passed_time":1.148215951,"remaining_time":8.186873079},
{"learn":[0.2880514041],"iteration":123,"passed_time":1.154910074,"remaining_time":8.158880842},
{"learn":[0.2879692533],"iteration":124,"passed_time":1.162044923,"remaining_time":8.134314459},
{"learn":[0.2878804723],"iteration":125,"passed_time":1.169058703,"remaining_time":8.109184968},
{"learn":[0.2877901251],"iteration":126,"passed_time":1.177384895,"remaining_time":8.093362307},
{"learn":[0.2876657947],"iteration":127,"passed_time":1.18594066,"remaining_time":8.079220744},
{"learn":[0.2875745882],"iteration":128,"passed_time":1.194834012,"remaining_time":8.06744515},
{"learn":[0.2875052251],"iteration":129,"passed_time":1.203282177,"remaining_time":8.052734571},
{"learn":[0.2874182918],"iteration":130,"passed_time":1.210301117,"remaining_time":8.02863871},
{"learn":[0.2873547649],"iteration":131,"passed_time":1.218037912,"remaining_time":8.009522025},
{"learn":[0.2872187411],"iteration":132,"passed_time":1.226203587,"remaining_time":7.993372257},
{"learn":[0.2871094372],"iteration":133,"passed_time":1.233039823,"remaining_time":7.968749898},
{"learn":[0.2869804148],"iteration":134,"passed_time":1.241162852,"remaining_time":7.952636054},
{"learn":[0.286867128],"iteration":135,"passed_time":1.248934852,"remaining_time":7.934409648},
{"learn":[0.2865856632],"iteration":136,"passed_time":1.255853545,"remaining_time":7.910960655},
{"learn":[0.2864753366],"iteration":137,"passed_time":1.271214797,"remaining_time":7.940486629},
{"learn":[0.2862144849],"iteration":138,"passed_time":1.290271497,"remaining_time":7.992257256},
{"learn":[0.2859675792],"iteration":139,"passed_time":1.296837493,"remaining_time":7.966287459},
{"learn":[0.2856599221],"iteration":140,"passed_time":1.303932867,"remaining_time":7.943817962},
{"learn":[0.285518982],"iteration":141,"passed_time":1.311375954,"remaining_time":7.923665973},
{"learn":[0.2854210056],"iteration":142,"passed_time":1.318413428,"remaining_time":7.901260894},
{"learn":[0.2853580936],"iteration":143,"passed_time":1.325378332,"remaining_time":7.878637861},
{"learn":[0.285283584],"iteration":144,"passed_time":1.332240737,"remaining_time":7.855626418},
{"learn":[0.2852333967],"iteration":145,"passed_time":1.338949045,"remaining_time":7.831934826},
{"learn":[0.2850591124],"iteration":146,"passed_time":1.345942902,"remaining_time":7.810131263},
{"learn":[0.2850097039],"iteration":147,"passed_time":1.352326167,"remaining_time":7.785012798},
{"learn":[0.2848492768],"iteration":148,"passed_time":1.359261812,"remaining_time":7.763300686},
{"learn":[0.2847605751],"iteration":149,"passed_time":1.365783945,"remaining_time":7.739442353},
{"learn":[0.2846972501],"iteration":150,"passed_time":1.372605167,"remaining_time":7.717495278},
{"learn":[0.2845693453],"iteration":151,"passed_time":1.379390609,"remaining_time":7.695547611},
{"learn":[0.2844492883],"iteration":152,"passed_time":1.387281489,"remaining_time":7.679917786},
{"learn":[0.2844118939],"iteration":153,"passed_time":1.394764518,"remaining_time":7.662147936},
{"learn":[0.2842448973],"iteration":154,"passed_time":1.402973508,"remaining_time":7.648468477},
{"learn":[0.2839140892],"iteration":155,"passed_time":1.410635841,"remaining_time":7.631901601},
{"learn":[0.2838121852],"iteration":156,"passed_time":1.419034773,"remaining_time":7.619403269},
{"learn":[0.2836771451],"iteration":157,"passed_time":1.426121493,"remaining_time":7.599963906},
{"learn":[0.2835664849],"iteration":158,"passed_time":1.433096063,"remaining_time":7.580086724},
{"learn":[0.2833328036],"iteration":159,"passed_time":1.440275726,"remaining_time":7.56144756},
{"learn":[0.2832004197],"iteration":160,"passed_time":1.447319188,"remaining_time":7.542240987},
{"learn":[0.2829893086],"iteration":161,"passed_time":1.455084567,"remaining_time":7.526918936},
{"learn":[0.2828521854],"iteration":162,"passed_time":1.462975168,"remaining_time":7.512332609},
{"learn":[0.2827630339],"iteration":163,"passed_time":1.472281519,"remaining_time":7.505044816},
{"learn":[0.282619657],"iteration":164,"passed_time":1.481153665,"remaining_time":7.495535213},
{"learn":[0.2825430433],"iteration":165,"passed_time":1.490740183,"remaining_time":7.489622365},
{"learn":[0.2824705024],"iteration":166,"passed_time":1.500728395,"remaining_time":7.48566918},
{"learn":[0.2823848289],"iteration":167,"passed_time":1.510223239,"remaining_time":7.479200803},
{"learn":[0.2823395057],"iteration":168,"passed_time":1.518673458,"remaining_time":7.467560023},
{"learn":[0.2820944026],"iteration":169,"passed_time":1.527433795,"remaining_time":7.457470882},
{"learn":[0.2820259237],"iteration":170,"passed_time":1.536256414,"remaining_time":7.447699222},
{"learn":[0.2819622388],"iteration":171,"passed_time":1.545756311,"remaining_time":7.441198984},
{"learn":[0.2818187327],"iteration":172,"passed_time":1.554895032,"remaining_time":7.432937523},
{"learn":[0.2817074684],"iteration":173,"passed_time":1.563788929,"remaining_time":7.423503764},
{"learn":[0.2816623788],"iteration":174,"passed_time":1.572123079,"remaining_time":7.411437372},
{"learn":[0.2815697896],"iteration":175,"passed_time":1.580689088,"remaining_time":7.400498914},
{"learn":[0.2814576664],"iteration":176,"passed_time":1.590197458,"remaining_time":7.393968973},
{"learn":[0.2814074157],"iteration":177,"passed_time":1.600211538,"remaining_time":7.389740923},
{"learn":[0.2813088136],"iteration":178,"passed_time":1.609117131,"remaining_time":7.380364046},
{"learn":[0.2812518726],"iteration":179,"passed_time":1.618914725,"remaining_time":7.375055971},
{"learn":[0.281156375],"iteration":180,"passed_time":1.62792468,"remaining_time":7.366134326},
{"learn":[0.2810429108],"iteration":181,"passed_time":1.636159657,"remaining_time":7.353728569},
{"learn":[0.2809595325],"iteration":182,"passed_time":1.644874852,"remaining_time":7.34351232},
{"learn":[0.2808764082],"iteration":183,"passed_time":1.65365796,"remaining_time":7.333613562},
{"learn":[0.2808320525],"iteration":184,"passed_time":1.662309559,"remaining_time":7.323147516},
{"learn":[0.2807221207],"iteration":185,"passed_time":1.671157902,"remaining_time":7.313562001},
{"learn":[0.2806137655],"iteration":186,"passed_time":1.680870569,"remaining_time":7.307742098},
{"learn":[0.2804493223],"iteration":187,"passed_time":1.689370528,"remaining_time":7.296642919},
{"learn":[0.2804022035],"iteration":188,"passed_time":1.698123446,"remaining_time":7.286656691},
{"learn":[0.2803370078],"iteration":189,"passed_time":1.707161841,"remaining_time":7.27790048},
{"learn":[0.2802000835],"iteration":190,"passed_time":1.715717232,"remaining_time":7.2670955},
{"learn":[0.2801510142],"iteration":191,"passed_time":1.723886398,"remaining_time":7.25468859},
{"learn":[0.2801016584],"iteration":192,"passed_time":1.732836092,"remaining_time":7.245589255},
{"learn":[0.2799443642],"iteration":193,"passed_time":1.740665593,"remaining_time":7.231837463},
{"learn":[0.2798723969],"iteration":194,"passed_time":1.748896134,"remaining_time":7.219801989},
{"learn":[0.2797280274],"iteration":195,"passed_time":1.757631636,"remaining_time":7.209876711},
{"learn":[0.2795855213],"iteration":196,"passed_time":1.766079142,"remaining_time":7.198789601},
{"learn":[0.279480537],"iteration":197,"passed_time":1.774935344,"remaining_time":7.189384576},
{"learn":[0.2793842664],"iteration":198,"passed_time":1.783702574,"remaining_time":7.179626946},
{"learn":[0.2792648305],"iteration":199,"passed_time":1.793506492,"remaining_time":7.174025966},
{"learn":[0.2792039157],"iteration":200,"passed_time":1.801749424,"remaining_time":7.162178059},
{"learn":[0.2791124562],"iteration":201,"passed_time":1.810517567,"remaining_time":7.152440684},
{"learn":[0.2790398711],"iteration":202,"passed_time":1.819557943,"remaining_time":7.143781677},
{"learn":[0.2789484853],"iteration":203,"passed_time":1.828541272,"remaining_time":7.134896334},
{"learn":[0.2788986894],"iteration":204,"passed_time":1.8371752,"remaining_time":7.124655043},
{"learn":[0.2788533223],"iteration":205,"passed_time":1.845382835,"remaining_time":7.112786267},
{"learn":[0.2787545418],"iteration":206,"passed_time":1.853582631,"remaining_time":7.100922833},
{"learn":[0.2786868713],"iteration":207,"passed_time":1.862508091,"remaining_time":7.091857731},
{"learn":[0.2785912213],"iteration":208,"passed_time":1.871134988,"remaining_time":7.081663998},
{"learn":[0.2784955369],"iteration":209,"passed_time":1.879249774,"remaining_time":7.069558675},
{"learn":[0.2784193864],"iteration":210,"passed_time":1.886082763,"remaining_time":7.052698106},
{"learn":[0.2783384287],"iteration":211,"passed_time":1.89306376,"remaining_time":7.036482277},
{"learn":[0.278241324],"iteration":212,"passed_time":1.899862831,"remaining_time":7.019680978},
{"learn":[0.2781669469],"iteration":213,"passed_time":1.906668525,"remaining_time":7.002997481},
{"learn":[0.2780657904],"iteration":214,"passed_time":1.913718395,"remaining_time":6.987297395},
{"learn":[0.2780162828],"iteration":215,"passed_time":1.920646941,"remaining_time":6.971237045},
{"learn":[0.2779417482],"iteration":216,"passed_time":1.929948374,"remaining_time":6.963822933},
{"learn":[0.277891647],"iteration":217,"passed_time":1.93699445,"remaining_time":6.948301193},
{"learn":[0.2778480878],"iteration":218,"passed_time":1.943768925,"remaining_time":6.931888267},
{"learn":[0.2777757096],"iteration":219,"passed_time":1.951002952,"remaining_time":6.917192284},
{"learn":[0.2776876734],"iteration":220,"passed_time":1.957949284,"remaining_time":6.901549739},
{"learn":[0.277632785],"iteration":221,"passed_time":1.964736358,"remaining_time":6.885427418},
{"learn":[0.2776011848],"iteration":222,"passed_time":1.971185995,"remaining_time":6.868213086},
{"learn":[0.2775652694],"iteration":223,"passed_time":1.977289012,"remaining_time":6.849894076},
{"learn":[0.2775042699],"iteration":224,"passed_time":1.983940146,"remaining_time":6.833571613},
{"learn":[0.2774372469],"iteration":225,"passed_time":1.990595142,"remaining_time":6.817347963},
{"learn":[0.2773843883],"iteration":226,"passed_time":1.998253723,"remaining_time":6.804626115},
{"learn":[0.2773192272],"iteration":227,"passed_time":2.006809197,"remaining_time":6.794985528},
{"learn":[0.2772985078],"iteration":228,"passed_time":2.015304792,"remaining_time":6.785152816},
{"learn":[0.277199997],"iteration":229,"passed_time":2.023800122,"remaining_time":6.775330845},
{"learn":[0.277150248],"iteration":230,"passed_time":2.03276724,"remaining_time":6.767090943},
{"learn":[0.2770697989],"iteration":231,"passed_time":2.040949127,"remaining_time":6.756245385},
{"learn":[0.2770272641],"iteration":232,"passed_time":2.048176654,"remaining_time":6.742281088},
{"learn":[0.2769313637],"iteration":233,"passed_time":2.056271784,"remaining_time":6.731214473},
{"learn":[0.2768124723],"iteration":234,"passed_time":2.065891709,"remaining_time":6.725136841},
{"learn":[0.2765867123],"iteration":235,"passed_time":2.076172896,"remaining_time":6.721169884},
{"learn":[0.2765524963],"iteration":236,"passed_time":2.085780222,"remaining_time":6.714980207},
{"learn":[0.2764903086],"iteration":237,"passed_time":2.095197377,"remaining_time":6.708152948},
{"learn":[0.2762637526],"iteration":238,"passed_time":2.104241977,"remaining_time":6.700117761},
{"learn":[0.2761833919],"iteration":239,"passed_time":2.113263295,"remaining_time":6.692000433},
{"learn":[0.276147021],"iteration":240,"passed_time":2.12063088,"remaining_time":6.678667377},
{"learn":[0.2760913817],"iteration":241,"passed_time":2.127827567,"remaining_time":6.66484833},
{"learn":[0.2760460077],"iteration":242,"passed_time":2.134599567,"remaining_time":6.649760791},
{"learn":[0.2759743849],"iteration":243,"passed_time":2.142195617,"remaining_time":6.637294616},
{"learn":[0.2758251356],"iteration":244,"passed_time":2.149071682,"remaining_time":6.62264947},
{"learn":[0.2757538625],"iteration":245,"passed_time":2.156397674,"remaining_time":6.609446529},
{"learn":[0.2756830125],"iteration":246,"passed_time":2.162494883,"remaining_time":6.592545128},
{"learn":[0.2756177542],"iteration":247,"passed_time":2.169704427,"remaining_time":6.579103746},
{"learn":[0.2755562735],"iteration":248,"passed_time":2.175736935,"remaining_time":6.562162403},
{"learn":[0.2754986451],"iteration":249,"passed_time":2.182462114,"remaining_time":6.547386341},
{"learn":[0.2754461993],"iteration":250,"passed_time":2.189177418,"remaining_time":6.532644964},
{"learn":[0.2751748118],"iteration":251,"passed_time":2.197181027,"remaining_time":6.521791304},
{"learn":[0.2749881983],"iteration":252,"passed_time":2.204695938,"remaining_time":6.509517255},
{"learn":[0.2749201624],"iteration":253,"passed_time":2.212913471,"remaining_time":6.499344289},
{"learn":[0.2748686048],"iteration":254,"passed_time":2.221495843,"remaining_time":6.490252562},
{"learn":[0.2747755361],"iteration":255,"passed_time":2.230423864,"remaining_time":6.482169355},
{"learn":[0.2747287929],"iteration":256,"passed_time":2.238192754,"remaining_time":6.470728467},
{"learn":[0.2746606439],"iteration":257,"passed_time":2.244922584,"remaining_time":6.456327742},
{"learn":[0.2746053749],"iteration":258,"passed_time":2.252113851,"remaining_time":6.443306422},
{"learn":[0.2744085517],"iteration":259,"passed_time":2.259643507,"remaining_time":6.431293057},
{"learn":[0.2741484258],"iteration":260,"passed_time":2.26652258,"remaining_time":6.417471978},
{"learn":[0.2739956072],"iteration":261,"passed_time":2.273183004,"remaining_time":6.403088003},
{"learn":[0.2738972504],"iteration":262,"passed_time":2.279946462,"remaining_time":6.389051494},
{"learn":[0.2738588329],"iteration":263,"passed_time":2.286476324,"remaining_time":6.374418843},
{"learn":[0.2737761311],"iteration":264,"passed_time":2.293429154,"remaining_time":6.361020483},
{"learn":[0.2737033916],"iteration":265,"passed_time":2.29983571,"remaining_time":6.3461632},
{"learn":[0.273648424],"iteration":266,"passed_time":2.306494132,"remaining_time":6.332060669},
{"learn":[0.2735915789],"iteration":267,"passed_time":2.313223854,"remaining_time":6.318208436},
{"learn":[0.2734286885],"iteration":268,"passed_time":2.319481392,"remaining_time":6.303126013},
{"learn":[0.2733630014],"iteration":269,"passed_time":2.326438115,"remaining_time":6.289999347},
{"learn":[0.2730920491],"iteration":270,"passed_time":2.332989444,"remaining_time":6.275827692},
{"learn":[0.2730500426],"iteration":271,"passed_time":2.339400102,"remaining_time":6.261335567},
{"learn":[0.2729964588],"iteration":272,"passed_time":2.346444849,"remaining_time":6.248591227},
{"learn":[0.2729128147],"iteration":273,"passed_time":2.35377839,"remaining_time":6.236653689},
{"learn":[0.2728645031],"iteration":274,"passed_time":2.360985682,"remaining_time":6.224416797},
{"learn":[0.2728154537],"iteration":275,"passed_time":2.368052178,"remaining_time":6.211847019},
{"learn":[0.2726864888],"iteration":276,"passed_time":2.375288823,"remaining_time":6.19976108},
{"learn":[0.2726186402],"iteration":277,"passed_time":2.382387021,"remaining_time":6.187350466},
{"learn":[0.2725460642],"iteration":278,"passed_time":2.389819184,"remaining_time":6.175840974},
{"learn":[0.2724872956],"iteration":279,"passed_time":2.397842204,"remaining_time":6.165879954},
{"learn":[0.2723886195],"iteration":280,"passed_time":2.40584051,"remaining_time":6.155869489},
{"learn":[0.2723187511],"iteration":281,"passed_time":2.413777153,"remaining_time":6.145716296},
{"learn":[0.2722756661],"iteration":282,"passed_time":2.420976337,"remaining_time":6.133710366},
{"learn":[0.2722297184],"iteration":283,"passed_time":2.428610852,"remaining_time":6.122835811},
{"learn":[0.2721698108],"iteration":284,"passed_time":2.435990996,"remaining_time":6.111345833},
{"learn":[0.2720230844],"iteration":285,"passed_time":2.443173665,"remaining_time":6.099391598},
{"learn":[0.2719334187],"iteration":286,"passed_time":2.45007591,"remaining_time":6.086773951},
{"learn":[0.271868625],"iteration":287,"passed_time":2.457301916,"remaining_time":6.074996404},
{"learn":[0.2716825383],"iteration":288,"passed_time":2.464764781,"remaining_time":6.063833078},
{"learn":[0.2714627539],"iteration":289,"passed_time":2.471798211,"remaining_time":6.051643896},
{"learn":[0.2713915027],"iteration":290,"passed_time":2.479000544,"remaining_time":6.03990167},
{"learn":[0.271331713],"iteration":291,"passed_time":2.486294186,"remaining_time":6.02841193},
{"learn":[0.2712821081],"iteration":292,"passed_time":2.493358913,"remaining_time":6.01639847},
{"learn":[0.2712179403],"iteration":293,"passed_time":2.50019799,"remaining_time":6.003876806},
{"learn":[0.2711318295],"iteration":294,"passed_time":2.507111746,"remaining_time":5.991572139},
{"learn":[0.2711019511],"iteration":295,"passed_time":2.513401318,"remaining_time":5.97781935},
{"learn":[0.2710771615],"iteration":296,"passed_time":2.519921173,"remaining_time":5.9646619},
{"learn":[0.2710119827],"iteration":297,"passed_time":2.52658369,"remaining_time":5.951885068},
{"learn":[0.2709556017],"iteration":298,"passed_time":2.533361604,"remaining_time":5.939419681},
{"learn":[0.2708219901],"iteration":299,"passed_time":2.540300332,"remaining_time":5.927367442},
{"learn":[0.2707878654],"iteration":300,"passed_time":2.548258729,"remaining_time":5.917717115},
{"learn":[0.2707225812],"iteration":301,"passed_time":2.556195162,"remaining_time":5.908027228},
{"learn":[0.2706746294],"iteration":302,"passed_time":2.564920439,"remaining_time":5.900163519},
{"learn":[0.2706070326],"iteration":303,"passed_time":2.572631019,"remaining_time":5.889971018},
{"learn":[0.270448103],"iteration":304,"passed_time":2.579562078,"remaining_time":5.878018506},
{"learn":[0.2703322964],"iteration":305,"passed_time":2.586949068,"remaining_time":5.867132854},
{"learn":[0.2702797271],"iteration":306,"passed_time":2.595245807,"remaining_time":5.858323596},
{"learn":[0.270205421],"iteration":307,"passed_time":2.60320506,"remaining_time":5.848759421},
{"learn":[0.2701490404],"iteration":308,"passed_time":2.611470336,"remaining_time":5.839889976},
{"learn":[0.2701077474],"iteration":309,"passed_time":2.619028695,"remaining_time":5.829450965},
{"learn":[0.2700742585],"iteration":310,"passed_time":2.626543124,"remaining_time":5.818933159},
{"learn":[0.2700025533],"iteration":311,"passed_time":2.633989717,"remaining_time":5.808285017},
{"learn":[0.2699574461],"iteration":312,"passed_time":2.641362965,"remaining_time":5.797496348},
{"learn":[0.2698898503],"iteration":313,"passed_time":2.648837922,"remaining_time":5.786951637},
{"learn":[0.2698329197],"iteration":314,"passed_time":2.655785467,"remaining_time":5.775279508},
{"learn":[0.2697910547],"iteration":315,"passed_time":2.662845163,"remaining_time":5.763880037},
{"learn":[0.2697482763],"iteration":316,"passed_time":2.669952631,"remaining_time":5.752610874},
{"learn":[0.2696809151],"iteration":317,"passed_time":2.676763739,"remaining_time":5.740732295},
{"learn":[0.2696372189],"iteration":318,"passed_time":2.683253081,"remaining_time":5.728198584},
{"learn":[0.2695741544],"iteration":319,"passed_time":2.69012202,"remaining_time":5.716509293},
{"learn":[0.2694718589],"iteration":320,"passed_time":2.696709541,"remaining_time":5.704254762},
{"learn":[0.2693369682],"iteration":321,"passed_time":2.703407383,"remaining_time":5.692267719},
{"learn":[0.2692275504],"iteration":322,"passed_time":2.709906366,"remaining_time":5.679896625},
{"learn":[0.2691535369],"iteration":323,"passed_time":2.716501691,"remaining_time":5.667762788},
{"learn":[0.2690805379],"iteration":324,"passed_time":2.723706152,"remaining_time":5.656928161},
{"learn":[0.2690278943],"iteration":325,"passed_time":2.730389334,"remaining_time":5.645038071},
{"learn":[0.2689836985],"iteration":326,"passed_time":2.736931357,"remaining_time":5.632889306},
{"learn":[0.2689143202],"iteration":327,"passed_time":2.743439148,"remaining_time":5.620704595},
{"learn":[0.2688694202],"iteration":328,"passed_time":2.750192958,"remaining_time":5.609056154},
{"learn":[0.2688275591],"iteration":329,"passed_time":2.756556879,"remaining_time":5.596645784},
{"learn":[0.2687331717],"iteration":330,"passed_time":2.762904372,"remaining_time":5.584238746},
{"learn":[0.2686663284],"iteration":331,"passed_time":2.769987863,"remaining_time":5.573349075},
{"learn":[0.2686057089],"iteration":332,"passed_time":2.77664184,"remaining_time":5.561621944},
{"learn":[0.268564713],"iteration":333,"passed_time":2.783398114,"remaining_time":5.550129174},
{"learn":[0.2685226655],"iteration":334,"passed_time":2.791367109,"remaining_time":5.541072023},
{"learn":[0.2684865317],"iteration":335,"passed_time":2.798398375,"remaining_time":5.530168217},
{"learn":[0.2684163225],"iteration":336,"passed_time":2.806196855,"remaining_time":5.520796781},
{"learn":[0.2682994286],"iteration":337,"passed_time":2.814414113,"remaining_time":5.51225486},
{"learn":[0.2682307802],"iteration":338,"passed_time":2.822419432,"remaining_time":5.503301607},
{"learn":[0.2681697203],"iteration":339,"passed_time":2.82962022,"remaining_time":5.492792192},
{"learn":[0.268128362],"iteration":340,"passed_time":2.836315543,"remaining_time":5.481325345},
{"learn":[0.2680685552],"iteration":341,"passed_time":2.843754442,"remaining_time":5.471317026},
{"learn":[0.2680188301],"iteration":342,"passed_time":2.851078927,"remaining_time":5.461104534},
{"learn":[0.2679552439],"iteration":343,"passed_time":2.858327393,"remaining_time":5.450763865},
{"learn":[0.2679106345],"iteration":344,"passed_time":2.865627912,"remaining_time":5.440539948},
{"learn":[0.2678864488],"iteration":345,"passed_time":2.872430126,"remaining_time":5.429391048},
{"learn":[0.2678559917],"iteration":346,"passed_time":2.879257671,"remaining_time":5.418314867},
{"learn":[0.2678084236],"iteration":347,"passed_time":2.886230542,"remaining_time":5.407535384},
{"learn":[0.267742808],"iteration":348,"passed_time":2.893213852,"remaining_time":5.396797186},
{"learn":[0.267709379],"iteration":349,"passed_time":2.900115609,"remaining_time":5.385928989},
{"learn":[0.2676589248],"iteration":350,"passed_time":2.906855554,"remaining_time":5.374784201},
{"learn":[0.2676222637],"iteration":351,"passed_time":2.913629571,"remaining_time":5.363727164},
{"learn":[0.2675763688],"iteration":352,"passed_time":2.919711913,"remaining_time":5.35142665},
{"learn":[0.2675641826],"iteration":353,"passed_time":2.925898252,"remaining_time":5.339351048},
{"learn":[0.2675381698],"iteration":354,"passed_time":2.932738899,"remaining_time":5.328497435},
{"learn":[0.2674435577],"iteration":355,"passed_time":2.939342128,"remaining_time":5.317236884},
{"learn":[0.2673877816],"iteration":356,"passed_time":2.947249576,"remaining_time":5.308351477},
{"learn":[0.267340577],"iteration":357,"passed_time":2.95519477,"remaining_time":5.299539224},
{"learn":[0.2672550379],"iteration":358,"passed_time":2.963149747,"remaining_time":5.29074927},
{"learn":[0.2672190129],"iteration":359,"passed_time":2.970070124,"remaining_time":5.280124665},
{"learn":[0.2671656605],"iteration":360,"passed_time":2.977012621,"remaining_time":5.269559736},
{"learn":[0.2671124945],"iteration":361,"passed_time":2.985550368,"remaining_time":5.261826339},
{"learn":[0.2670838578],"iteration":362,"passed_time":2.993479776,"remaining_time":5.253020984},
{"learn":[0.2670201661],"iteration":363,"passed_time":3.001305521,"remaining_time":5.244039318},
{"learn":[0.266958966],"iteration":364,"passed_time":3.009845283,"remaining_time":5.236306177},
{"learn":[0.2669053705],"iteration":365,"passed_time":3.018284334,"remaining_time":5.228394174},
{"learn":[0.2667737765],"iteration":366,"passed_time":3.025886855,"remaining_time":5.219036456},
{"learn":[0.2666942473],"iteration":367,"passed_time":3.033447901,"remaining_time":5.209617048},
{"learn":[0.2666655203],"iteration":368,"passed_time":3.041217312,"remaining_time":5.200564022},
{"learn":[0.2666398326],"iteration":369,"passed_time":3.048240753,"remaining_time":5.190247768},
{"learn":[0.2665942309],"iteration":370,"passed_time":3.055546895,"remaining_time":5.180428563},
{"learn":[0.2665514764],"iteration":371,"passed_time":3.062636483,"remaining_time":5.170257288},
{"learn":[0.2665157235],"iteration":372,"passed_time":3.069815882,"remaining_time":5.160253507},
{"learn":[0.2664664726],"iteration":373,"passed_time":3.076759029,"remaining_time":5.149869391},
{"learn":[0.2664398877],"iteration":374,"passed_time":3.08382088,"remaining_time":5.139701467},
{"learn":[0.2663678721],"iteration":375,"passed_time":3.09099984,"remaining_time":5.129744416},
{"learn":[0.2663219998],"iteration":376,"passed_time":3.098073927,"remaining_time":5.119628797},
{"learn":[0.2662775872],"iteration":377,"passed_time":3.104862958,"remaining_time":5.109060211},
{"learn":[0.2661981283],"iteration":378,"passed_time":3.111838408,"remaining_time":5.098817022},
{"learn":[0.2661508517],"iteration":379,"passed_time":3.118424611,"remaining_time":5.087955944},
{"learn":[0.2661106586],"iteration":380,"passed_time":3.12555952,"remaining_time":5.078008774},
{"learn":[0.2660831739],"iteration":381,"passed_time":3.131732865,"remaining_time":5.066520709},
{"learn":[0.2660621889],"iteration":382,"passed_time":3.138510445,"remaining_time":5.056033799},
{"learn":[0.266004428],"iteration":383,"passed_time":3.145790395,"remaining_time":5.046372092},
{"learn":[0.2659295253],"iteration":384,"passed_time":3.153341765,"remaining_time":5.037156327},
{"learn":[0.2658603377],"iteration":385,"passed_time":3.160315125,"remaining_time":5.027029759},
{"learn":[0.2658249607],"iteration":386,"passed_time":3.166802098,"remaining_time":5.01614906},
{"learn":[0.2657808479],"iteration":387,"passed_time":3.17291925,"remaining_time":5.004707683},
{"learn":[0.2657458721],"iteration":388,"passed_time":3.179711627,"remaining_time":4.994354252},
{"learn":[0.2656875528],"iteration":389,"passed_time":3.188246345,"remaining_time":4.986744283},
{"learn":[0.2656611412],"iteration":390,"passed_time":3.195876309,"remaining_time":4.977720389},
{"learn":[0.2656188767],"iteration":391,"passed_time":3.203597871,"remaining_time":4.968845678},
{"learn":[0.2655819931],"iteration":392,"passed_time":3.2112736,"remaining_time":4.959906044},
{"learn":[0.2655210257],"iteration":393,"passed_time":3.219549431,"remaining_time":4.951895825},
{"learn":[0.2654694725],"iteration":394,"passed_time":3.227313391,"remaining_time":4.943100257},
{"learn":[0.2654373673],"iteration":395,"passed_time":3.234191388,"remaining_time":4.932958582},
{"learn":[0.2654029115],"iteration":396,"passed_time":3.241310762,"remaining_time":4.923199974},
{"learn":[0.2653482866],"iteration":397,"passed_time":3.248593591,"remaining_time":4.913701864},
{"learn":[0.2653384472],"iteration":398,"passed_time":3.255319339,"remaining_time":4.903375747},
{"learn":[0.2652901729],"iteration":399,"passed_time":3.262325064,"remaining_time":4.893487596},
{"learn":[0.2652365369],"iteration":400,"passed_time":3.269900206,"remaining_time":4.884464398},
{"learn":[0.265205623],"iteration":401,"passed_time":3.276641661,"remaining_time":4.874208242},
{"learn":[0.2651444183],"iteration":402,"passed_time":3.283769951,"remaining_time":4.864542583},
{"learn":[0.2651217731],"iteration":403,"passed_time":3.290778485,"remaining_time":4.854712815},
{"learn":[0.2650687946],"iteration":404,"passed_time":3.297765727,"remaining_time":4.844865698},
{"learn":[0.2650384857],"iteration":405,"passed_time":3.304460447,"remaining_time":4.834604693},
{"learn":[0.2649967435],"iteration":406,"passed_time":3.311018083,"remaining_time":4.824161483},
{"learn":[0.2649548271],"iteration":407,"passed_time":3.317650589,"remaining_time":4.813845953},
{"learn":[0.2649157774],"iteration":408,"passed_time":3.324301288,"remaining_time":4.803574722},
{"learn":[0.2648749094],"iteration":409,"passed_time":3.331264411,"remaining_time":4.793770738},
{"learn":[0.2648659189],"iteration":410,"passed_time":3.33757743,"remaining_time":4.78304892},
{"learn":[0.2648162306],"iteration":411,"passed_time":3.344424287,"remaining_time":4.773110391},
{"learn":[0.2647607874],"iteration":412,"passed_time":3.351237578,"remaining_time":4.763139124},
{"learn":[0.264720921],"iteration":413,"passed_time":3.358011428,"remaining_time":4.753127287},
{"learn":[0.2646969197],"iteration":414,"passed_time":3.364952139,"remaining_time":4.743366268},
{"learn":[0.2646447083],"iteration":415,"passed_time":3.371438519,"remaining_time":4.732980997},
{"learn":[0.2646081905],"iteration":416,"passed_time":3.378364787,"remaining_time":4.723229426},
{"learn":[0.2645697794],"iteration":417,"passed_time":3.385593429,"remaining_time":4.713912382},
{"learn":[0.2645232097],"iteration":418,"passed_time":3.393796606,"remaining_time":4.70595663},
{"learn":[0.2644851737],"iteration":419,"passed_time":3.40165717,"remaining_time":4.697526567},
{"learn":[0.2644528679],"iteration":420,"passed_time":3.409462627,"remaining_time":4.689023423},
{"learn":[0.2644016408],"iteration":421,"passed_time":3.417128143,"remaining_time":4.680331911},
{"learn":[0.264339504],"iteration":422,"passed_time":3.42575708,"remaining_time":4.672959421},
{"learn":[0.2642661921],"iteration":423,"passed_time":3.433666785,"remaining_time":4.664603934},
{"learn":[0.264234309],"iteration":424,"passed_time":3.442712745,"remaining_time":4.657787832},
{"learn":[0.2641949862],"iteration":425,"passed_time":3.45140577,"remaining_time":4.650485709},
{"learn":[0.2641434941],"iteration":426,"passed_time":3.459126798,"remaining_time":4.641872729},
{"learn":[0.264097625],"iteration":427,"passed_time":3.466282973,"remaining_time":4.632509019},
{"learn":[0.2640427079],"iteration":428,"passed_time":3.47382321,"remaining_time":4.62366679},
{"learn":[0.2640249023],"iteration":429,"passed_time":3.480273132,"remaining_time":4.613385315},
{"learn":[0.2639843978],"iteration":430,"passed_time":3.48733887,"remaining_time":4.60393461},
{"learn":[0.2639474444],"iteration":431,"passed_time":3.49435555,"remaining_time":4.594430445},
{"learn":[0.2638963761],"iteration":432,"passed_time":3.501672482,"remaining_time":4.58533094},
{"learn":[0.2638689938],"iteration":433,"passed_time":3.50859629,"remaining_time":4.575726958},
{"learn":[0.2638157323],"iteration":434,"passed_time":3.515643625,"remaining_time":4.566295743},
{"learn":[0.2637799837],"iteration":435,"passed_time":3.52214931,"remaining_time":4.556174796},
{"learn":[0.2637421684],"iteration":436,"passed_time":3.529727923,"remaining_time":4.547452678},
{"learn":[0.2636975594],"iteration":437,"passed_time":3.537355588,"remaining_time":4.538798722},
{"learn":[0.26366127],"iteration":438,"passed_time":3.544483674,"remaining_time":4.529511027},
{"learn":[0.2636207115],"iteration":439,"passed_time":3.551319721,"remaining_time":4.519861463},
{"learn":[0.2636110994],"iteration":440,"passed_time":3.558033748,"remaining_time":4.510069989},
{"learn":[0.2635634342],"iteration":441,"passed_time":3.565034671,"remaining_time":4.50065463},
{"learn":[0.2634917746],"iteration":442,"passed_time":3.572383773,"remaining_time":4.491687949},
{"learn":[0.2634615735],"iteration":443,"passed_time":3.578938753,"remaining_time":4.481734114},
{"learn":[0.2634169584],"iteration":444,"passed_time":3.586913809,"remaining_time":4.473566661},
{"learn":[0.2633819854],"iteration":445,"passed_time":3.594963754,"remaining_time":4.465493093},
{"learn":[0.2633432458],"iteration":446,"passed_time":3.603191749,"remaining_time":4.457639905},
{"learn":[0.2633240956],"iteration":447,"passed_time":3.610772788,"remaining_time":4.4489879},
{"learn":[0.2632813564],"iteration":448,"passed_time":3.618816569,"remaining_time":4.440908529},
{"learn":[0.2632504098],"iteration":449,"passed_time":3.625779999,"remaining_time":4.431508888},
{"learn":[0.2632234206],"iteration":450,"passed_time":3.632436849,"remaining_time":4.421746852},
{"learn":[0.2631961378],"iteration":451,"passed_time":3.639462284,"remaining_time":4.412445423},
{"learn":[0.2631683377],"iteration":452,"passed_time":3.646468174,"remaining_time":4.403130444},
{"learn":[0.2631419736],"iteration":453,"passed_time":3.653072668,"remaining_time":4.3933429},
{"learn":[0.2631173943],"iteration":454,"passed_time":3.66022305,"remaining_time":4.384223214},
{"learn":[0.2630720371],"iteration":455,"passed_time":3.66725792,"remaining_time":4.374974361},
{"learn":[0.2630228299],"iteration":456,"passed_time":3.674426904,"remaining_time":4.365894549},
{"learn":[0.2629688741],"iteration":457,"passed_time":3.681480446,"remaining_time":4.356686466},
{"learn":[0.2629071143],"iteration":458,"passed_time":3.688858063,"remaining_time":4.347869743},
{"learn":[0.2628623906],"iteration":459,"passed_time":3.6959842,"remaining_time":4.338764061},
{"learn":[0.2628211075],"iteration":460,"passed_time":3.702951179,"remaining_time":4.32948088},
{"learn":[0.2627867519],"iteration":461,"passed_time":3.710536334,"remaining_time":4.320927592},
{"learn":[0.2627303417],"iteration":462,"passed_time":3.719329747,"remaining_time":4.313779857},
{"learn":[0.2627071479],"iteration":463,"passed_time":3.7279351,"remaining_time":4.306407787},
{"learn":[0.2626692446],"iteration":464,"passed_time":3.737023335,"remaining_time":4.299585987},
{"learn":[0.2626157407],"iteration":465,"passed_time":3.746863227,"remaining_time":4.293615801},
{"learn":[0.2625711025],"iteration":466,"passed_time":3.7568603,"remaining_time":4.287808437},
{"learn":[0.2625004813],"iteration":467,"passed_time":3.766347004,"remaining_time":4.281403005},
{"learn":[0.2624670417],"iteration":468,"passed_time":3.775572569,"remaining_time":4.274688772},
{"learn":[0.2624274588],"iteration":469,"passed_time":3.78470394,"remaining_time":4.267857635},
{"learn":[0.2623872298],"iteration":470,"passed_time":3.794892276,"remaining_time":4.262203851},
{"learn":[0.2623437797],"iteration":471,"passed_time":3.804750628,"remaining_time":4.256161719},
{"learn":[0.2622745511],"iteration":472,"passed_time":3.814212957,"remaining_time":4.249662216},
{"learn":[0.2622428993],"iteration":473,"passed_time":3.82296155,"remaining_time":4.242358176},
{"learn":[0.2622185308],"iteration":474,"passed_time":3.832234839,"remaining_time":4.23562798},
{"learn":[0.2621484259],"iteration":475,"passed_time":3.841355552,"remaining_time":4.228719137},
{"learn":[0.262095307],"iteration":476,"passed_time":3.85156708,"remaining_time":4.222997029},
{"learn":[0.2620456088],"iteration":477,"passed_time":3.861738291,"remaining_time":4.217212109},
{"learn":[0.2620199909],"iteration":478,"passed_time":3.871465126,"remaining_time":4.210925533},
{"learn":[0.2619725824],"iteration":479,"passed_time":3.88119953,"remaining_time":4.204632824},
{"learn":[0.2619411305],"iteration":480,"passed_time":3.891116469,"remaining_time":4.19852276},
{"learn":[0.2618376438],"iteration":481,"passed_time":3.901917259,"remaining_time":4.193346763},
{"learn":[0.2617749786],"iteration":482,"passed_time":3.912047577,"remaining_time":4.187429808},
{"learn":[0.2617609827],"iteration":483,"passed_time":3.921037356,"remaining_time":4.180279496},
{"learn":[0.2617406095],"iteration":484,"passed_time":3.931311985,"remaining_time":4.174485922},
{"learn":[0.2616396253],"iteration":485,"passed_time":3.941602203,"remaining_time":4.168690396},
{"learn":[0.2616056294],"iteration":486,"passed_time":3.952220084,"remaining_time":4.163221567},
{"learn":[0.2615614446],"iteration":487,"passed_time":3.961911142,"remaining_time":4.156759231},
{"learn":[0.261522405],"iteration":488,"passed_time":3.970875002,"remaining_time":4.149523775},
{"learn":[0.2614768557],"iteration":489,"passed_time":3.980136929,"remaining_time":4.142591497},
{"learn":[0.2614307692],"iteration":490,"passed_time":3.990984888,"remaining_time":4.137293906},
{"learn":[0.2613989504],"iteration":491,"passed_time":4.000054335,"remaining_time":4.130137403},
{"learn":[0.2613724697],"iteration":492,"passed_time":4.008692505,"remaining_time":4.122529615},
{"learn":[0.2613527766],"iteration":493,"passed_time":4.01706088,"remaining_time":4.114641307},
{"learn":[0.2612688643],"iteration":494,"passed_time":4.026398415,"remaining_time":4.107739797},
{"learn":[0.2612269627],"iteration":495,"passed_time":4.035531926,"remaining_time":4.10062115},
{"learn":[0.2612061315],"iteration":496,"passed_time":4.043907677,"remaining_time":4.092727488},
{"learn":[0.2611586078],"iteration":497,"passed_time":4.052482297,"remaining_time":4.085032356},
{"learn":[0.2611119867],"iteration":498,"passed_time":4.061091028,"remaining_time":4.077367946},
{"learn":[0.2610596045],"iteration":499,"passed_time":4.069656953,"remaining_time":4.069656953},
{"learn":[0.2610284308],"iteration":500,"passed_time":4.077738284,"remaining_time":4.061459888},
{"learn":[0.2609692809],"iteration":501,"passed_time":4.087663637,"remaining_time":4.055092612},
{"learn":[0.2609244307],"iteration":502,"passed_time":4.096583075,"remaining_time":4.047717273},
{"learn":[0.2608834558],"iteration":503,"passed_time":4.105256578,"remaining_time":4.040093776},
{"learn":[0.2608449475],"iteration":504,"passed_time":4.113362225,"remaining_time":4.031909508},
{"learn":[0.2608105696],"iteration":505,"passed_time":4.121506619,"remaining_time":4.023763379},
{"learn":[0.2607295012],"iteration":506,"passed_time":4.129940588,"remaining_time":4.015898836},
{"learn":[0.2607073668],"iteration":507,"passed_time":4.137786734,"remaining_time":4.007462743},
{"learn":[0.2606836756],"iteration":508,"passed_time":4.146915506,"remaining_time":4.000266234},
{"learn":[0.2606350651],"iteration":509,"passed_time":4.154584314,"remaining_time":3.991659439},
{"learn":[0.2605900285],"iteration":510,"passed_time":4.161879848,"remaining_time":3.982699111},
{"learn":[0.2605519542],"iteration":511,"passed_time":4.169386495,"remaining_time":3.973946503},
{"learn":[0.2605260522],"iteration":512,"passed_time":4.176435749,"remaining_time":3.964764542},
{"learn":[0.2604784546],"iteration":513,"passed_time":4.18377887,"remaining_time":3.955868737},
{"learn":[0.2604586042],"iteration":514,"passed_time":4.191487603,"remaining_time":3.947323276},
{"learn":[0.2604289686],"iteration":515,"passed_time":4.199654157,"remaining_time":3.939210488},
{"learn":[0.2604005639],"iteration":516,"passed_time":4.207796797,"remaining_time":3.931075151},
{"learn":[0.2603499524],"iteration":517,"passed_time":4.215733314,"remaining_time":3.922747987},
{"learn":[0.2603198858],"iteration":518,"passed_time":4.223696138,"remaining_time":3.91444671},
{"learn":[0.2602785801],"iteration":519,"passed_time":4.231453321,"remaining_time":3.905956911},
{"learn":[0.2601516322],"iteration":520,"passed_time":4.239074207,"remaining_time":3.897344616},
{"learn":[0.2601219349],"iteration":521,"passed_time":4.246847767,"remaining_time":3.888875925},
{"learn":[0.2600998331],"iteration":522,"passed_time":4.253971218,"remaining_time":3.879816962},
{"learn":[0.2600425587],"iteration":523,"passed_time":4.261453003,"remaining_time":3.871090896},
{"learn":[0.2600312903],"iteration":524,"passed_time":4.26870384,"remaining_time":3.862160617},
{"learn":[0.2599927643],"iteration":525,"passed_time":4.276069084,"remaining_time":3.853339821},
{"learn":[0.2599399052],"iteration":526,"passed_time":4.28367961,"remaining_time":3.844744697},
{"learn":[0.2598984857],"iteration":527,"passed_time":4.290892099,"remaining_time":3.835797482},
{"learn":[0.2598371361],"iteration":528,"passed_time":4.298471826,"remaining_time":3.8271838},
{"learn":[0.2597957732],"iteration":529,"passed_time":4.306981076,"remaining_time":3.819398312},
{"learn":[0.2597648418],"iteration":530,"passed_time":4.31438555,"remaining_time":3.810634318},
{"learn":[0.2597328624],"iteration":531,"passed_time":4.321671922,"remaining_time":3.80177154},
{"learn":[0.2597029681],"iteration":532,"passed_time":4.328904797,"remaining_time":3.792867805},
{"learn":[0.2596769043],"iteration":533,"passed_time":4.336102212,"remaining_time":3.783939383},
{"learn":[0.2596445612],"iteration":534,"passed_time":4.343473223,"remaining_time":3.775168315},
{"learn":[0.2595996313],"iteration":535,"passed_time":4.351423874,"remaining_time":3.766904249},
{"learn":[0.2595668647],"iteration":536,"passed_time":4.358821767,"remaining_time":3.758164764},
{"learn":[0.2595437756],"iteration":537,"passed_time":4.367302777,"remaining_time":3.750360377},
{"learn":[0.2594837326],"iteration":538,"passed_time":4.376146885,"remaining_time":3.742864033},
{"learn":[0.2594253446],"iteration":539,"passed_time":4.38373082,"remaining_time":3.734289217},
{"learn":[0.2593827225],"iteration":540,"passed_time":4.394485269,"remaining_time":3.728408019},
{"learn":[0.2593700246],"iteration":541,"passed_time":4.405864659,"remaining_time":3.723036926},
{"learn":[0.2593234919],"iteration":542,"passed_time":4.41698012,"remaining_time":3.717421574},
{"learn":[0.2592708525],"iteration":543,"passed_time":4.429127952,"remaining_time":3.712651371},
{"learn":[0.2592152602],"iteration":544,"passed_time":4.441340923,"remaining_time":3.707908477},
{"learn":[0.2591814355],"iteration":545,"passed_time":4.451759963,"remaining_time":3.701646562},
{"learn":[0.2591660227],"iteration":546,"passed_time":4.462162944,"remaining_time":3.695356149},
{"learn":[0.2591192162],"iteration":547,"passed_time":4.472162567,"remaining_time":3.68871803},
{"learn":[0.2590975375],"iteration":548,"passed_time":4.482823922,"remaining_time":3.682611272},
{"learn":[0.2590603589],"iteration":549,"passed_time":4.493704464,"remaining_time":3.676667289},
{"learn":[0.2590259648],"iteration":550,"passed_time":4.504515831,"remaining_time":3.670649016},
{"learn":[0.2590044887],"iteration":551,"passed_time":4.514510364,"remaining_time":3.66395044},
{"learn":[0.2589581851],"iteration":552,"passed_time":4.528061557,"remaining_time":3.660114857},
{"learn":[0.2589131283],"iteration":553,"passed_time":4.539885876,"remaining_time":3.654853973},
{"learn":[0.2588582458],"iteration":554,"passed_time":4.551822949,"remaining_time":3.649659842},
{"learn":[0.2588405364],"iteration":555,"passed_time":4.563608681,"remaining_time":3.644320601},
{"learn":[0.2588111608],"iteration":556,"passed_time":4.575390679,"remaining_time":3.638955244},
{"learn":[0.258787573],"iteration":557,"passed_time":4.58657506,"remaining_time":3.633093506},
{"learn":[0.2587471373],"iteration":558,"passed_time":4.598873756,"remaining_time":3.628091819},
{"learn":[0.2587276374],"iteration":559,"passed_time":4.611157229,"remaining_time":3.623052108},
{"learn":[0.2587047765],"iteration":560,"passed_time":4.621163562,"remaining_time":3.616204641},
{"learn":[0.2586623523],"iteration":561,"passed_time":4.632332556,"remaining_time":3.610252063},
{"learn":[0.258638233],"iteration":562,"passed_time":4.642757635,"remaining_time":3.603703528},
{"learn":[0.2586025588],"iteration":563,"passed_time":4.653850192,"remaining_time":3.597657241},
{"learn":[0.2585539066],"iteration":564,"passed_time":4.664869649,"remaining_time":3.59153681},
{"learn":[0.2585266793],"iteration":565,"passed_time":4.675047426,"remaining_time":3.58475368},
{"learn":[0.2584822606],"iteration":566,"passed_time":4.686132884,"remaining_time":3.578651744},
{"learn":[0.2584236598],"iteration":567,"passed_time":4.696766959,"remaining_time":3.572188954},
{"learn":[0.2583832403],"iteration":568,"passed_time":4.70775592,"remaining_time":3.565980319},
{"learn":[0.258353737],"iteration":569,"passed_time":4.719031681,"remaining_time":3.559971268},
{"learn":[0.2583125763],"iteration":570,"passed_time":4.729428677,"remaining_time":3.553283542},
{"learn":[0.2582819482],"iteration":571,"passed_time":4.739364325,"remaining_time":3.546237642},
{"learn":[0.2582674546],"iteration":572,"passed_time":4.749872253,"remaining_time":3.539608119},
{"learn":[0.2582067137],"iteration":573,"passed_time":4.760005125,"remaining_time":3.532686731},
{"learn":[0.2581727704],"iteration":574,"passed_time":4.770249447,"remaining_time":3.525836547},
{"learn":[0.2581409741],"iteration":575,"passed_time":4.780521086,"remaining_time":3.518994688},
{"learn":[0.2581311329],"iteration":576,"passed_time":4.790239019,"remaining_time":3.511735017},
{"learn":[0.2580894742],"iteration":577,"passed_time":4.801552434,"remaining_time":3.505631708},
{"learn":[0.2580483121],"iteration":578,"passed_time":4.810617132,"remaining_time":3.497875324},
{"learn":[0.258015526],"iteration":579,"passed_time":4.819345382,"remaining_time":3.489870794},
{"learn":[0.2579752262],"iteration":580,"passed_time":4.828424708,"remaining_time":3.482116958},
{"learn":[0.2579349201],"iteration":581,"passed_time":4.837802535,"remaining_time":3.474572954},
{"learn":[0.257903441],"iteration":582,"passed_time":4.846751867,"remaining_time":3.466716173},
{"learn":[0.2578482037],"iteration":583,"passed_time":4.857281631,"remaining_time":3.459981436},
{"learn":[0.2578018598],"iteration":584,"passed_time":4.86786948,"remaining_time":3.45327493},
{"learn":[0.2577353412],"iteration":585,"passed_time":4.878225577,"remaining_time":3.446391448},
{"learn":[0.2576968787],"iteration":586,"passed_time":4.888717078,"remaining_time":3.439591403},
{"learn":[0.2576639086],"iteration":587,"passed_time":4.899064294,"remaining_time":3.432677703},
{"learn":[0.2575782397],"iteration":588,"passed_time":4.909303545,"remaining_time":3.425677007},
{"learn":[0.2575523836],"iteration":589,"passed_time":4.919417175,"remaining_time":3.418578037},
{"learn":[0.2575151054],"iteration":590,"passed_time":4.930090799,"remaining_time":3.411856407},
{"learn":[0.2574853922],"iteration":591,"passed_time":4.94175884,"remaining_time":3.405806768},
{"learn":[0.2574257482],"iteration":592,"passed_time":4.952390537,"remaining_time":3.399026895},
{"learn":[0.2573938607],"iteration":593,"passed_time":4.964520525,"remaining_time":3.393258137},
{"learn":[0.2573437328],"iteration":594,"passed_time":4.97698195,"remaining_time":3.387693596},
{"learn":[0.2573066352],"iteration":595,"passed_time":4.991043712,"remaining_time":3.383190704},
{"learn":[0.257239539],"iteration":596,"passed_time":5.007609107,"remaining_time":3.380345846},
{"learn":[0.2572011288],"iteration":597,"passed_time":5.02167794,"remaining_time":3.375776809},
{"learn":[0.2571924744],"iteration":598,"passed_time":5.035629543,"remaining_time":3.371097574},
{"learn":[0.2571766354],"iteration":599,"passed_time":5.04905825,"remaining_time":3.366038834},
{"learn":[0.2571376119],"iteration":600,"passed_time":5.061086532,"remaining_time":3.360022506},
{"learn":[0.2571002778],"iteration":601,"passed_time":5.071530606,"remaining_time":3.352938839},
{"learn":[0.2570583857],"iteration":602,"passed_time":5.082259945,"remaining_time":3.346031838},
{"learn":[0.2570319251],"iteration":603,"passed_time":5.090790217,"remaining_time":3.337670407},
{"learn":[0.2570015892],"iteration":604,"passed_time":5.099783096,"remaining_time":3.329610451},
{"learn":[0.2569816953],"iteration":605,"passed_time":5.107822737,"remaining_time":3.320927654},
{"learn":[0.2569756069],"iteration":606,"passed_time":5.115556851,"remaining_time":3.312049164},
{"learn":[0.2569574065],"iteration":607,"passed_time":5.123192679,"remaining_time":3.303111069},
{"learn":[0.2569108662],"iteration":608,"passed_time":5.131646211,"remaining_time":3.294702247},
{"learn":[0.2568831827],"iteration":609,"passed_time":5.140019626,"remaining_time":3.286242056},
{"learn":[0.2568378133],"iteration":610,"passed_time":5.148510302,"remaining_time":3.277856805},
{"learn":[0.2567789083],"iteration":611,"passed_time":5.156491103,"remaining_time":3.269147954},
{"learn":[0.256737613],"iteration":612,"passed_time":5.164463944,"remaining_time":3.260436454},
{"learn":[0.2567205629],"iteration":613,"passed_time":5.171961259,"remaining_time":3.251428414},
{"learn":[0.2567039659],"iteration":614,"passed_time":5.179607437,"remaining_time":3.242518477},
{"learn":[0.2566727061],"iteration":615,"passed_time":5.187522519,"remaining_time":3.233780272},
{"learn":[0.2566423848],"iteration":616,"passed_time":5.19500744,"remaining_time":3.224777714},
{"learn":[0.2566013494],"iteration":617,"passed_time":5.202538504,"remaining_time":3.21580859},
{"learn":[0.256565758],"iteration":618,"passed_time":5.211161312,"remaining_time":3.20751609},
{"learn":[0.2565338144],"iteration":619,"passed_time":5.220382246,"remaining_time":3.199589118},
{"learn":[0.2564935197],"iteration":620,"passed_time":5.229019801,"remaining_time":3.19130194},
{"learn":[0.2564634433],"iteration":621,"passed_time":5.237750261,"remaining_time":3.183070094},
{"learn":[0.2564164538],"iteration":622,"passed_time":5.247370817,"remaining_time":3.175375278},
{"learn":[0.2563805798],"iteration":623,"passed_time":5.256096377,"remaining_time":3.167134997},
{"learn":[0.2563507655],"iteration":624,"passed_time":5.264368264,"remaining_time":3.158620959},
{"learn":[0.2563080379],"iteration":625,"passed_time":5.273131375,"remaining_time":3.150401173},
{"learn":[0.2562806478],"iteration":626,"passed_time":5.281850381,"remaining_time":3.142153416},
{"learn":[0.2562739288],"iteration":627,"passed_time":5.289810884,"remaining_time":3.133454855},
{"learn":[0.2562439552],"iteration":628,"passed_time":5.298040823,"remaining_time":3.12491756},
{"learn":[0.2562267036],"iteration":629,"passed_time":5.306153941,"remaining_time":3.116312632},
{"learn":[0.2561834493],"iteration":630,"passed_time":5.314343272,"remaining_time":3.107753831},
{"learn":[0.256125521],"iteration":631,"passed_time":5.32237501,"remaining_time":3.099104436},
{"learn":[0.2560955748],"iteration":632,"passed_time":5.330278629,"remaining_time":3.090382712},
{"learn":[0.2560733992],"iteration":633,"passed_time":5.338477951,"remaining_time":3.081834274},
{"learn":[0.2559837993],"iteration":634,"passed_time":5.346099401,"remaining_time":3.072954774},
{"learn":[0.2559301269],"iteration":635,"passed_time":5.354174915,"remaining_time":3.064339102},
{"learn":[0.2559019161],"iteration":636,"passed_time":5.362004073,"remaining_time":3.055584739},
{"learn":[0.2558627396],"iteration":637,"passed_time":5.370517603,"remaining_time":3.047221586},
{"learn":[0.2558154426],"iteration":638,"passed_time":5.381210359,"remaining_time":3.040089107},
{"learn":[0.2557834428],"iteration":639,"passed_time":5.392200783,"remaining_time":3.033112941},
{"learn":[0.255752317],"iteration":640,"passed_time":5.406206249,"remaining_time":3.02781286},
{"learn":[0.2557279773],"iteration":641,"passed_time":5.419567741,"remaining_time":3.02212656},
{"learn":[0.2557054083],"iteration":642,"passed_time":5.432430523,"remaining_time":3.016139497},
{"learn":[0.2556624457],"iteration":643,"passed_time":5.44835386,"remaining_time":3.011822941},
{"learn":[0.2556395702],"iteration":644,"passed_time":5.46325142,"remaining_time":3.00690582},
{"learn":[0.2555986425],"iteration":645,"passed_time":5.475775486,"remaining_time":3.000657155},
{"learn":[0.2555605355],"iteration":646,"passed_time":5.49087415,"remaining_time":2.995793779},
{"learn":[0.2555219688],"iteration":647,"passed_time":5.504293383,"remaining_time":2.989986529},
{"learn":[0.2554973956],"iteration":648,"passed_time":5.517870848,"remaining_time":2.984241398},
{"learn":[0.2554615452],"iteration":649,"passed_time":5.531026851,"remaining_time":2.978245227},
{"learn":[0.2554190676],"iteration":650,"passed_time":5.543347063,"remaining_time":2.971778994},
{"learn":[0.2553495358],"iteration":651,"passed_time":5.556292402,"remaining_time":2.96562846},
{"learn":[0.2553192092],"iteration":652,"passed_time":5.569594652,"remaining_time":2.959646775},
{"learn":[0.2552986796],"iteration":653,"passed_time":5.582103506,"remaining_time":2.953222956},
{"learn":[0.2552813579],"iteration":654,"passed_time":5.593488524,"remaining_time":2.946188612},
{"learn":[0.2552593138],"iteration":655,"passed_time":5.60803299,"remaining_time":2.940797788},
{"learn":[0.2552157141],"iteration":656,"passed_time":5.623888236,"remaining_time":2.936063417},
{"learn":[0.2551906085],"iteration":657,"passed_time":5.639859429,"remaining_time":2.931355509},
{"learn":[0.2551455061],"iteration":658,"passed_time":5.654210522,"remaining_time":2.925775096},
{"learn":[0.2551285632],"iteration":659,"passed_time":5.667696623,"remaining_time":2.919722503},
{"learn":[0.2551012977],"iteration":660,"passed_time":5.68141812,"remaining_time":2.913768143},
{"learn":[0.2550829056],"iteration":661,"passed_time":5.694211024,"remaining_time":2.907316203},
{"learn":[0.2550394516],"iteration":662,"passed_time":5.70622458,"remaining_time":2.900448995},
{"learn":[0.2550002044],"iteration":663,"passed_time":5.718169335,"remaining_time":2.893531471},
{"learn":[0.2549758782],"iteration":664,"passed_time":5.729912003,"remaining_time":2.886497024},
{"learn":[0.2549597028],"iteration":665,"passed_time":5.739322422,"remaining_time":2.878278812},
{"learn":[0.2549316368],"iteration":666,"passed_time":5.748763707,"remaining_time":2.870072435},
{"learn":[0.2548974055],"iteration":667,"passed_time":5.757660133,"remaining_time":2.861591563},
{"learn":[0.2548578829],"iteration":668,"passed_time":5.766110041,"remaining_time":2.852888525},
{"learn":[0.2548188589],"iteration":669,"passed_time":5.774915033,"remaining_time":2.844361136},
{"learn":[0.2547621724],"iteration":670,"passed_time":5.783097408,"remaining_time":2.835527641},
{"learn":[0.2547316582],"iteration":671,"passed_time":5.791270544,"remaining_time":2.826691575},
{"learn":[0.2547028972],"iteration":672,"passed_time":5.799694793,"remaining_time":2.817979491},
{"learn":[0.2546575039],"iteration":673,"passed_time":5.808132307,"remaining_time":2.809274677},
{"learn":[0.2546306108],"iteration":674,"passed_time":5.81651309,"remaining_time":2.80054334},
{"learn":[0.2545812624],"iteration":675,"passed_time":5.825434691,"remaining_time":2.792072248},
{"learn":[0.2545454086],"iteration":676,"passed_time":5.834310417,"remaining_time":2.783577939},
{"learn":[0.2544923042],"iteration":677,"passed_time":5.844131459,"remaining_time":2.77553146},
{"learn":[0.2544347674],"iteration":678,"passed_time":5.853795288,"remaining_time":2.767405431},
{"learn":[0.2543863636],"iteration":679,"passed_time":5.863683617,"remaining_time":2.759380526},
{"learn":[0.2543517947],"iteration":680,"passed_time":5.873987766,"remaining_time":2.75154493},
{"learn":[0.254341567],"iteration":681,"passed_time":5.884202668,"remaining_time":2.743660482},
{"learn":[0.2543296272],"iteration":682,"passed_time":5.892159629,"remaining_time":2.734721233},
{"learn":[0.2542943996],"iteration":683,"passed_time":5.900536555,"remaining_time":2.725978876},
{"learn":[0.2542733867],"iteration":684,"passed_time":5.908130821,"remaining_time":2.716877677},
{"learn":[0.2542493742],"iteration":685,"passed_time":5.916305024,"remaining_time":2.708046323},
{"learn":[0.2542299709],"iteration":686,"passed_time":5.92457231,"remaining_time":2.699259291},
{"learn":[0.2542054896],"iteration":687,"passed_time":5.93273818,"remaining_time":2.690427779},
{"learn":[0.2541577636],"iteration":688,"passed_time":5.941696457,"remaining_time":2.681955875},
{"learn":[0.2541496564],"iteration":689,"passed_time":5.949824289,"remaining_time":2.673109463},
{"learn":[0.2541259342],"iteration":690,"passed_time":5.959055092,"remaining_time":2.664758355},
{"learn":[0.2540903229],"iteration":691,"passed_time":5.968057351,"remaining_time":2.656302983},
{"learn":[0.2540723819],"iteration":692,"passed_time":5.976768827,"remaining_time":2.647717215},
{"learn":[0.2540644115],"iteration":693,"passed_time":5.984367217,"remaining_time":2.6386403},
{"learn":[0.2540102299],"iteration":694,"passed_time":5.993164673,"remaining_time":2.630093849},
{"learn":[0.2539795163],"iteration":695,"passed_time":6.00273953,"remaining_time":2.621886232},
{"learn":[0.2539430556],"iteration":696,"passed_time":6.012304166,"remaining_time":2.613670247},
{"learn":[0.2539197743],"iteration":697,"passed_time":6.021966521,"remaining_time":2.605492678},
{"learn":[0.2538857008],"iteration":698,"passed_time":6.032299077,"remaining_time":2.597599459},
{"learn":[0.2538625901],"iteration":699,"passed_time":6.041519405,"remaining_time":2.589222602},
{"learn":[0.2538408344],"iteration":700,"passed_time":6.05237034,"remaining_time":2.581538847},
{"learn":[0.2537954384],"iteration":701,"passed_time":6.062542017,"remaining_time":2.573557722},
{"learn":[0.2537711563],"iteration":702,"passed_time":6.072695343,"remaining_time":2.565562613},
{"learn":[0.253736197],"iteration":703,"passed_time":6.082929871,"remaining_time":2.557595514},
{"learn":[0.2536997119],"iteration":704,"passed_time":6.092662552,"remaining_time":2.54941199},
{"learn":[0.2536733462],"iteration":705,"passed_time":6.102787225,"remaining_time":2.541387315},
{"learn":[0.2536449717],"iteration":706,"passed_time":6.112962332,"remaining_time":2.5333776},
{"learn":[0.2536122675],"iteration":707,"passed_time":6.121911096,"remaining_time":2.524855989},
{"learn":[0.2535532602],"iteration":708,"passed_time":6.131215126,"remaining_time":2.516478987},
{"learn":[0.2535385014],"iteration":709,"passed_time":6.139770034,"remaining_time":2.507793394},
{"learn":[0.2535052273],"iteration":710,"passed_time":6.148164682,"remaining_time":2.499043028},
{"learn":[0.2534759448],"iteration":711,"passed_time":6.156200913,"remaining_time":2.490148684},
{"learn":[0.2534227224],"iteration":712,"passed_time":6.164408349,"remaining_time":2.481325661},
{"learn":[0.2533873809],"iteration":713,"passed_time":6.172982928,"remaining_time":2.472651425},
{"learn":[0.2533641948],"iteration":714,"passed_time":6.180859948,"remaining_time":2.46369942},
{"learn":[0.2533297714],"iteration":715,"passed_time":6.189220805,"remaining_time":2.45494233},
{"learn":[0.2532776717],"iteration":716,"passed_time":6.198009186,"remaining_time":2.44635509},
{"learn":[0.2532359595],"iteration":717,"passed_time":6.206511092,"remaining_time":2.437654774},
{"learn":[0.2532095275],"iteration":718,"passed_time":6.214236548,"remaining_time":2.428651558},
{"learn":[0.2531690852],"iteration":719,"passed_time":6.22241264,"remaining_time":2.419827138},
{"learn":[0.2531414965],"iteration":720,"passed_time":6.230964141,"remaining_time":2.411149786},
{"learn":[0.2531084295],"iteration":721,"passed_time":6.239938114,"remaining_time":2.402635451},
{"learn":[0.2530686678],"iteration":722,"passed_time":6.248856809,"remaining_time":2.394098667},
{"learn":[0.2530549245],"iteration":723,"passed_time":6.256544645,"remaining_time":2.385091605},
{"learn":[0.2530066727],"iteration":724,"passed_time":6.265960801,"remaining_time":2.376743752},
{"learn":[0.2529726493],"iteration":725,"passed_time":6.274765841,"remaining_time":2.368162314},
{"learn":[0.2529343784],"iteration":726,"passed_time":6.283532987,"remaining_time":2.359566032},
{"learn":[0.2528907231],"iteration":727,"passed_time":6.291907438,"remaining_time":2.350822559},
{"learn":[0.2528855447],"iteration":728,"passed_time":6.299381661,"remaining_time":2.341745446},
{"learn":[0.2528569707],"iteration":729,"passed_time":6.307310385,"remaining_time":2.332840827},
{"learn":[0.2528443193],"iteration":730,"passed_time":6.315400843,"remaining_time":2.323998395},
{"learn":[0.2527904123],"iteration":731,"passed_time":6.323379239,"remaining_time":2.315116989},
{"learn":[0.2527679955],"iteration":732,"passed_time":6.331159213,"remaining_time":2.30616577},
{"learn":[0.2527473724],"iteration":733,"passed_time":6.339108937,"remaining_time":2.297279261},
{"learn":[0.2527209825],"iteration":734,"passed_time":6.347406624,"remaining_time":2.288520755},
{"learn":[0.2527149488],"iteration":735,"passed_time":6.355143587,"remaining_time":2.279562373},
{"learn":[0.2527008637],"iteration":736,"passed_time":6.362875228,"remaining_time":2.270605407},
{"learn":[0.252676369],"iteration":737,"passed_time":6.372261014,"remaining_time":2.262239005},
{"learn":[0.2526297239],"iteration":738,"passed_time":6.382388779,"remaining_time":2.254131896},
{"learn":[0.252577917],"iteration":739,"passed_time":6.393353429,"remaining_time":2.246313367},
{"learn":[0.2525420568],"iteration":740,"passed_time":6.405789701,"remaining_time":2.239000719},
{"learn":[0.2525200274],"iteration":741,"passed_time":6.416886351,"remaining_time":2.231208462},
{"learn":[0.2524925795],"iteration":742,"passed_time":6.430194693,"remaining_time":2.224172323},
{"learn":[0.2524702891],"iteration":743,"passed_time":6.444354434,"remaining_time":2.217412278},
{"learn":[0.2524220494],"iteration":744,"passed_time":6.456812332,"remaining_time":2.210049859},
{"learn":[0.252393125],"iteration":745,"passed_time":6.47025516,"remaining_time":2.20300913},
{"learn":[0.2523844808],"iteration":746,"passed_time":6.485394401,"remaining_time":2.196525815},
{"learn":[0.2523795489],"iteration":747,"passed_time":6.497480077,"remaining_time":2.188990614},
{"learn":[0.2523242164],"iteration":748,"passed_time":6.513576956,"remaining_time":2.182787471},
{"learn":[0.2522982825],"iteration":749,"passed_time":6.527503787,"remaining_time":2.175834596},
{"learn":[0.2522856348],"iteration":750,"passed_time":6.542777549,"remaining_time":2.169309733},
{"learn":[0.2522575802],"iteration":751,"passed_time":6.556476322,"remaining_time":2.162242191},
{"learn":[0.2522480778],"iteration":752,"passed_time":6.569413479,"remaining_time":2.15490721},
{"learn":[0.2522109536],"iteration":753,"passed_time":6.582380399,"remaining_time":2.14756708},
{"learn":[0.2521943417],"iteration":754,"passed_time":6.592766885,"remaining_time":2.139374685},
{"learn":[0.2521595028],"iteration":755,"passed_time":6.602593746,"remaining_time":2.130995865},
{"learn":[0.2521170294],"iteration":756,"passed_time":6.612155037,"remaining_time":2.122527971},
{"learn":[0.2520730409],"iteration":757,"passed_time":6.621554162,"remaining_time":2.114005419},
{"learn":[0.2520390902],"iteration":758,"passed_time":6.630809571,"remaining_time":2.105434923},
{"learn":[0.252032591],"iteration":759,"passed_time":6.639599073,"remaining_time":2.096715497},
{"learn":[0.2519821127],"iteration":760,"passed_time":6.647946893,"remaining_time":2.087857172},
{"learn":[0.251944869],"iteration":761,"passed_time":6.657271201,"remaining_time":2.079305178},
{"learn":[0.2519192198],"iteration":762,"passed_time":6.665727899,"remaining_time":2.070481667},
{"learn":[0.2519017253],"iteration":763,"passed_time":6.673756425,"remaining_time":2.061526854},
{"learn":[0.2518812945],"iteration":764,"passed_time":6.683464992,"remaining_time":2.053090553},
{"learn":[0.2518661603],"iteration":765,"passed_time":6.691225235,"remaining_time":2.044055751},
{"learn":[0.2518362383],"iteration":766,"passed_time":6.699323527,"remaining_time":2.035126965},
{"learn":[0.2518073358],"iteration":767,"passed_time":6.707267229,"remaining_time":2.026153642},
{"learn":[0.2517827281],"iteration":768,"passed_time":6.715461693,"remaining_time":2.017258324},
{"learn":[0.2517686584],"iteration":769,"passed_time":6.722831594,"remaining_time":2.008118528},
{"learn":[0.2517356705],"iteration":770,"passed_time":6.730995076,"remaining_time":1.99921903},
{"learn":[0.2517071387],"iteration":771,"passed_time":6.738812398,"remaining_time":1.990219206},
{"learn":[0.2516694251],"iteration":772,"passed_time":6.746743015,"remaining_time":1.981255711},
{"learn":[0.2516198373],"iteration":773,"passed_time":6.754868701,"remaining_time":1.972351843},
{"learn":[0.2515900434],"iteration":774,"passed_time":6.76304086,"remaining_time":1.963463476},
{"learn":[0.2515838298],"iteration":775,"passed_time":6.770570273,"remaining_time":1.954391419},
{"learn":[0.2515690129],"iteration":776,"passed_time":6.77906372,"remaining_time":1.945600012},
{"learn":[0.2515382602],"iteration":777,"passed_time":6.78699748,"remaining_time":1.936649667},
{"learn":[0.2515217431],"iteration":778,"passed_time":6.795249847,"remaining_time":1.927792319},
{"learn":[0.2514789903],"iteration":779,"passed_time":6.804253758,"remaining_time":1.919148496},
{"learn":[0.2514536122],"iteration":780,"passed_time":6.812629598,"remaining_time":1.910327634},
{"learn":[0.2514255904],"iteration":781,"passed_time":6.821016959,"remaining_time":1.901511122},
{"learn":[0.2514129286],"iteration":782,"passed_time":6.830278622,"remaining_time":1.892938009},
{"learn":[0.2513812393],"iteration":783,"passed_time":6.840140082,"remaining_time":1.88452839},
{"learn":[0.2513564616],"iteration":784,"passed_time":6.849739683,"remaining_time":1.876043353},
{"learn":[0.2513354788],"iteration":785,"passed_time":6.859605637,"remaining_time":1.867627998},
{"learn":[0.2513109834],"iteration":786,"passed_time":6.869791197,"remaining_time":1.859295457},
{"learn":[0.2512682715],"iteration":787,"passed_time":6.879924385,"remaining_time":1.850944124},
{"learn":[0.2512436627],"iteration":788,"passed_time":6.892831907,"remaining_time":1.843330206},
{"learn":[0.2512274634],"iteration":789,"passed_time":6.904013885,"remaining_time":1.835244197},
{"learn":[0.2512070797],"iteration":790,"passed_time":6.916769263,"remaining_time":1.827566088},
{"learn":[0.251188214],"iteration":791,"passed_time":6.928927046,"remaining_time":1.819718214},
{"learn":[0.2511446351],"iteration":792,"passed_time":6.94571189,"remaining_time":1.81306729},
{"learn":[0.2510938621],"iteration":793,"passed_time":6.960174588,"remaining_time":1.805788369},
{"learn":[0.2510659223],"iteration":794,"passed_time":6.971891671,"remaining_time":1.797783387},
{"learn":[0.2510312255],"iteration":795,"passed_time":6.983447904,"remaining_time":1.789727855},
{"learn":[0.2509965556],"iteration":796,"passed_time":6.996014021,"remaining_time":1.781920761},
{"learn":[0.2509836141],"iteration":797,"passed_time":7.006145416,"remaining_time":1.773485431},
{"learn":[0.2509385363],"iteration":798,"passed_time":7.017922842,"remaining_time":1.765459939},
{"learn":[0.2509247582],"iteration":799,"passed_time":7.029186167,"remaining_time":1.757296542},
{"learn":[0.2509136551],"iteration":800,"passed_time":7.042730264,"remaining_time":1.749692038},
{"learn":[0.2508759951],"iteration":801,"passed_time":7.055668151,"remaining_time":1.74192306},
{"learn":[0.2508251672],"iteration":802,"passed_time":7.069214183,"remaining_time":1.734290404},
{"learn":[0.2508080726],"iteration":803,"passed_time":7.081282391,"remaining_time":1.726282772},
{"learn":[0.2507798221],"iteration":804,"passed_time":7.092300806,"remaining_time":1.718010754},
{"learn":[0.2507629463],"iteration":805,"passed_time":7.103236115,"remaining_time":1.709711919},
{"learn":[0.2507249138],"iteration":806,"passed_time":7.113197044,"remaining_time":1.701173518},
{"learn":[0.2507047823],"iteration":807,"passed_time":7.12200715,"remaining_time":1.692358135},
{"learn":[0.2506923437],"iteration":808,"passed_time":7.130332859,"remaining_time":1.683428401},
{"learn":[0.2506669793],"iteration":809,"passed_time":7.13936008,"remaining_time":1.67466471},
{"learn":[0.2506335607],"iteration":810,"passed_time":7.146662861,"remaining_time":1.665498496},
{"learn":[0.2506182146],"iteration":811,"passed_time":7.154416976,"remaining_time":1.656441369},
{"learn":[0.2506082651],"iteration":812,"passed_time":7.162444455,"remaining_time":1.647450324},
{"learn":[0.2505766693],"iteration":813,"passed_time":7.171825345,"remaining_time":1.638770902},
{"learn":[0.2505655839],"iteration":814,"passed_time":7.180466973,"remaining_time":1.629921951},
{"learn":[0.2505190315],"iteration":815,"passed_time":7.188878694,"remaining_time":1.621021666},
{"learn":[0.2504996765],"iteration":816,"passed_time":7.197716069,"remaining_time":1.61221792},
{"learn":[0.2504696093],"iteration":817,"passed_time":7.2058682,"remaining_time":1.603261629},
{"learn":[0.2504572316],"iteration":818,"passed_time":7.214357268,"remaining_time":1.594381765},
{"learn":[0.2504507575],"iteration":819,"passed_time":7.22246777,"remaining_time":1.585419754},
{"learn":[0.2504200295],"iteration":820,"passed_time":7.231473179,"remaining_time":1.576654932},
{"learn":[0.2503931975],"iteration":821,"passed_time":7.24039383,"remaining_time":1.56787117},
{"learn":[0.2503621009],"iteration":822,"passed_time":7.248914184,"remaining_time":1.559000985},
{"learn":[0.2503178732],"iteration":823,"passed_time":7.257471094,"remaining_time":1.550139457},
{"learn":[0.2502945246],"iteration":824,"passed_time":7.265594778,"remaining_time":1.541186771},
{"learn":[0.2502484191],"iteration":825,"passed_time":7.27426789,"remaining_time":1.532351832},
{"learn":[0.2502253302],"iteration":826,"passed_time":7.281940203,"remaining_time":1.523307926},
{"learn":[0.2501898446],"iteration":827,"passed_time":7.290580133,"remaining_time":1.514468337},
{"learn":[0.2501830258],"iteration":828,"passed_time":7.299298888,"remaining_time":1.505645488},
{"learn":[0.2501363507],"iteration":829,"passed_time":7.308134083,"remaining_time":1.49684674},
{"learn":[0.250124086],"iteration":830,"passed_time":7.317042362,"remaining_time":1.488062767},
{"learn":[0.2501061594],"iteration":831,"passed_time":7.327901526,"remaining_time":1.479672424},
{"learn":[0.2500657397],"iteration":832,"passed_time":7.337360099,"remaining_time":1.470995362},
{"learn":[0.2500178542],"iteration":833,"passed_time":7.345960267,"remaining_time":1.462145569},
{"learn":[0.2499963269],"iteration":834,"passed_time":7.35481646,"remaining_time":1.453346965},
{"learn":[0.2499331968],"iteration":835,"passed_time":7.365064107,"remaining_time":1.444821188},
{"learn":[0.2499179929],"iteration":836,"passed_time":7.375117874,"remaining_time":1.436253541},
{"learn":[0.2498778763],"iteration":837,"passed_time":7.384803676,"remaining_time":1.427611212},
{"learn":[0.2498591143],"iteration":838,"passed_time":7.395280789,"remaining_time":1.419118244},
{"learn":[0.2498454759],"iteration":839,"passed_time":7.406068438,"remaining_time":1.410679702},
{"learn":[0.2498390591],"iteration":840,"passed_time":7.419623774,"remaining_time":1.402758835},
{"learn":[0.2498065472],"iteration":841,"passed_time":7.433704625,"remaining_time":1.394923196},
{"learn":[0.2497891594],"iteration":842,"passed_time":7.44739448,"remaining_time":1.386999921},
{"learn":[0.2497609376],"iteration":843,"passed_time":7.459990767,"remaining_time":1.378860853},
{"learn":[0.2497431918],"iteration":844,"passed_time":7.472980147,"remaining_time":1.370783341},
{"learn":[0.2497271526],"iteration":845,"passed_time":7.483421501,"remaining_time":1.362230391},
{"learn":[0.2497218663],"iteration":846,"passed_time":7.493251741,"remaining_time":1.353562593},
{"learn":[0.2496975045],"iteration":847,"passed_time":7.502873125,"remaining_time":1.344854617},
{"learn":[0.2496612377],"iteration":848,"passed_time":7.516360998,"remaining_time":1.336832168},
{"learn":[0.2496498502],"iteration":849,"passed_time":7.52614558,"remaining_time":1.328143338},
{"learn":[0.2496239468],"iteration":850,"passed_time":7.538236355,"remaining_time":1.319855719},
{"learn":[0.2496017609],"iteration":851,"passed_time":7.549961404,"remaining_time":1.311495643},
{"learn":[0.24956417],"iteration":852,"passed_time":7.560868146,"remaining_time":1.302986656},
{"learn":[0.2495275129],"iteration":853,"passed_time":7.570693476,"remaining_time":1.294287175},
{"learn":[0.2495210435],"iteration":854,"passed_time":7.579915985,"remaining_time":1.285482828},
{"learn":[0.2495135392],"iteration":855,"passed_time":7.588493967,"remaining_time":1.276569079},
{"learn":[0.249508672],"iteration":856,"passed_time":7.595938176,"remaining_time":1.26746693},
{"learn":[0.2494911379],"iteration":857,"passed_time":7.603037375,"remaining_time":1.258311547},
{"learn":[0.2494555716],"iteration":858,"passed_time":7.610027439,"remaining_time":1.249143037},
{"learn":[0.2494201257],"iteration":859,"passed_time":7.617452275,"remaining_time":1.24005037},
{"learn":[0.2494014782],"iteration":860,"passed_time":7.624266106,"remaining_time":1.230862937},
{"learn":[0.2493740608],"iteration":861,"passed_time":7.635794954,"remaining_time":1.222435851},
{"learn":[0.2493685479],"iteration":862,"passed_time":7.644011676,"remaining_time":1.213475782},
{"learn":[0.24935907],"iteration":863,"passed_time":7.652057432,"remaining_time":1.204490522},
{"learn":[0.2493419583],"iteration":864,"passed_time":7.661325575,"remaining_time":1.195698211},
{"learn":[0.2493112041],"iteration":865,"passed_time":7.669592731,"remaining_time":1.186749915},
{"learn":[0.249295156],"iteration":866,"passed_time":7.678090068,"remaining_time":1.177838499},
{"learn":[0.2492714386],"iteration":867,"passed_time":7.685852663,"remaining_time":1.168816304},
{"learn":[0.2492441133],"iteration":868,"passed_time":7.693370022,"remaining_time":1.159760038},
{"learn":[0.249215071],"iteration":869,"passed_time":7.700409941,"remaining_time":1.150635968},
{"learn":[0.2491951183],"iteration":870,"passed_time":7.707448627,"remaining_time":1.141516502},
{"learn":[0.249164167],"iteration":871,"passed_time":7.714542377,"remaining_time":1.13240989},
{"learn":[0.2491293339],"iteration":872,"passed_time":7.721806878,"remaining_time":1.12333273},
{"learn":[0.2490984052],"iteration":873,"passed_time":7.729860496,"remaining_time":1.114373481},
{"learn":[0.2490604689],"iteration":874,"passed_time":7.736996978,"remaining_time":1.105285283},
{"learn":[0.2490234428],"iteration":875,"passed_time":7.744242299,"remaining_time":1.096216946},
{"learn":[0.2490010811],"iteration":876,"passed_time":7.752507271,"remaining_time":1.087295775},
{"learn":[0.2489761719],"iteration":877,"passed_time":7.760506267,"remaining_time":1.07833914},
{"learn":[0.2489579],"iteration":878,"passed_time":7.76800403,"remaining_time":1.069315686},
{"learn":[0.2489195803],"iteration":879,"passed_time":7.777499063,"remaining_time":1.060568054},
{"learn":[0.2488943106],"iteration":880,"passed_time":7.788140122,"remaining_time":1.051973524},
{"learn":[0.2488694249],"iteration":881,"passed_time":7.799982158,"remaining_time":1.043535028},
{"learn":[0.2488422037],"iteration":882,"passed_time":7.812752054,"remaining_time":1.035211767},
{"learn":[0.2488189217],"iteration":883,"passed_time":7.826117712,"remaining_time":1.026956623},
{"learn":[0.2487877681],"iteration":884,"passed_time":7.839753683,"remaining_time":1.018725055},
{"learn":[0.2487642408],"iteration":885,"passed_time":7.853089789,"remaining_time":1.010442704},
{"learn":[0.2487413912],"iteration":886,"passed_time":7.86396017,"remaining_time":1.001834836},
{"learn":[0.2487145598],"iteration":887,"passed_time":7.874786766,"remaining_time":0.9932163489},
{"learn":[0.2486931734],"iteration":888,"passed_time":7.886572059,"remaining_time":0.9847125968},
{"learn":[0.2486543156],"iteration":889,"passed_time":7.898807841,"remaining_time":0.9762571489},
{"learn":[0.248615097],"iteration":890,"passed_time":7.911384375,"remaining_time":0.9678349011},
{"learn":[0.2485981894],"iteration":891,"passed_time":7.922408625,"remaining_time":0.9592153941},
{"learn":[0.2485651215],"iteration":892,"passed_time":7.933405456,"remaining_time":0.9505872159},
{"learn":[0.2485283523],"iteration":893,"passed_time":7.944257388,"remaining_time":0.9419365584},
{"learn":[0.2484942671],"iteration":894,"passed_time":7.953546547,"remaining_time":0.9330976396},
{"learn":[0.2484422675],"iteration":895,"passed_time":7.962808467,"remaining_time":0.9242545543},
{"learn":[0.2483995403],"iteration":896,"passed_time":7.971057957,"remaining_time":0.9152942804},
{"learn":[0.2483886109],"iteration":897,"passed_time":7.978386395,"remaining_time":0.9062309713},
{"learn":[0.2483489869],"iteration":898,"passed_time":7.985692894,"remaining_time":0.8971690571},
{"learn":[0.2483194066],"iteration":899,"passed_time":7.992673788,"remaining_time":0.8880748653},
{"learn":[0.2482872724],"iteration":900,"passed_time":7.999893828,"remaining_time":0.8790116415},
{"learn":[0.2482792519],"iteration":901,"passed_time":8.006990139,"remaining_time":0.8699390616},
{"learn":[0.2482495538],"iteration":902,"passed_time":8.014169362,"remaining_time":0.8608797653},
{"learn":[0.2482081393],"iteration":903,"passed_time":8.022001546,"remaining_time":0.8518939695},
{"learn":[0.2481773681],"iteration":904,"passed_time":8.029675264,"remaining_time":0.8428940884},
{"learn":[0.2481264649],"iteration":905,"passed_time":8.037169328,"remaining_time":0.8338784954},
{"learn":[0.2481073981],"iteration":906,"passed_time":8.045517478,"remaining_time":0.8249538318},
{"learn":[0.2480645627],"iteration":907,"passed_time":8.05360802,"remaining_time":0.8160043368},
{"learn":[0.2480313919],"iteration":908,"passed_time":8.061580998,"remaining_time":0.8070449624},
{"learn":[0.2480019712],"iteration":909,"passed_time":8.069593635,"remaining_time":0.7980916782},
{"learn":[0.2479755357],"iteration":910,"passed_time":8.077787997,"remaining_time":0.7891582126},
{"learn":[0.2479718794],"iteration":911,"passed_time":8.085395433,"remaining_time":0.7801697348},
{"learn":[0.24796661],"iteration":912,"passed_time":8.094574403,"remaining_time":0.771334034},
{"learn":[0.2479269728],"iteration":913,"passed_time":8.101646449,"remaining_time":0.7622993377},
{"learn":[0.2479013187],"iteration":914,"passed_time":8.108843973,"remaining_time":0.7532805877},
{"learn":[0.2478811044],"iteration":915,"passed_time":8.115529406,"remaining_time":0.7442188538},
{"learn":[0.2478497949],"iteration":916,"passed_time":8.123408073,"remaining_time":0.7352703054},
{"learn":[0.2478119041],"iteration":917,"passed_time":8.13214767,"remaining_time":0.7264009901},
{"learn":[0.2477616326],"iteration":918,"passed_time":8.14098549,"remaining_time":0.7175406145},
{"learn":[0.2477438408],"iteration":919,"passed_time":8.149731397,"remaining_time":0.7086722954},
{"learn":[0.2477185341],"iteration":920,"passed_time":8.160225408,"remaining_time":0.6999541881},
{"learn":[0.2476784882],"iteration":921,"passed_time":8.172719225,"remaining_time":0.6914014095},
{"learn":[0.247661014],"iteration":922,"passed_time":8.183526412,"remaining_time":0.6826993865},
{"learn":[0.2476313106],"iteration":923,"passed_time":8.194789544,"remaining_time":0.6740303088},
{"learn":[0.2476279447],"iteration":924,"passed_time":8.205450653,"remaining_time":0.6653068097},
{"learn":[0.2476061939],"iteration":925,"passed_time":8.218044184,"remaining_time":0.6567335525},
{"learn":[0.2475631453],"iteration":926,"passed_time":8.230996967,"remaining_time":0.6481799121},
{"learn":[0.2475418438],"iteration":927,"passed_time":8.245161556,"remaining_time":0.6397108104},
{"learn":[0.2475057698],"iteration":928,"passed_time":8.257416664,"remaining_time":0.6310835126},
{"learn":[0.2474626597],"iteration":929,"passed_time":8.268495193,"remaining_time":0.6223598532},
{"learn":[0.2474593072],"iteration":930,"passed_time":8.280837119,"remaining_time":0.6137247704},
{"learn":[0.2474318174],"iteration":931,"passed_time":8.292400742,"remaining_time":0.6050249468},
{"learn":[0.2474286221],"iteration":932,"passed_time":8.301473193,"remaining_time":0.59614009},
{"learn":[0.2473911519],"iteration":933,"passed_time":8.310829706,"remaining_time":0.5872749043},
{"learn":[0.2473509617],"iteration":934,"passed_time":8.320197319,"remaining_time":0.5784094393},
{"learn":[0.2473165548],"iteration":935,"passed_time":8.330259063,"remaining_time":0.5695903633},
{"learn":[0.2473044631],"iteration":936,"passed_time":8.341231831,"remaining_time":0.5608298883},
{"learn":[0.2473007525],"iteration":937,"passed_time":8.351001297,"remaining_time":0.5519851604},
{"learn":[0.2472960174],"iteration":938,"passed_time":8.36145107,"remaining_time":0.5431826574},
{"learn":[0.2472747857],"iteration":939,"passed_time":8.370462911,"remaining_time":0.5342848667},
{"learn":[0.2472538398],"iteration":940,"passed_time":8.377733095,"remaining_time":0.5252776329},
{"learn":[0.247205143],"iteration":941,"passed_time":8.385022631,"remaining_time":0.5162752788},
{"learn":[0.2471888965],"iteration":942,"passed_time":8.391960625,"remaining_time":0.5072553082},
{"learn":[0.2471580065],"iteration":943,"passed_time":8.399061794,"remaining_time":0.4982494284},
{"learn":[0.247123934],"iteration":944,"passed_time":8.405666699,"remaining_time":0.4892186967},
{"learn":[0.247107776],"iteration":945,"passed_time":8.412986428,"remaining_time":0.4802338976},
{"learn":[0.2470961832],"iteration":946,"passed_time":8.419643137,"remaining_time":0.4712155082},
{"learn":[0.2470800992],"iteration":947,"passed_time":8.426542053,"remaining_time":0.4622153869},
{"learn":[0.24705526],"iteration":948,"passed_time":8.433715872,"remaining_time":0.4532344673},
{"learn":[0.2470437984],"iteration":949,"passed_time":8.440827606,"remaining_time":0.4442540845},
{"learn":[0.2470156754],"iteration":950,"passed_time":8.448811104,"remaining_time":0.435322549},
{"learn":[0.2470128137],"iteration":951,"passed_time":8.456683616,"remaining_time":0.4263874092},
{"learn":[0.2469813689],"iteration":952,"passed_time":8.464521765,"remaining_time":0.4174528048},
{"learn":[0.2469466053],"iteration":953,"passed_time":8.471900463,"remaining_time":0.4084983452},
{"learn":[0.2469221222],"iteration":954,"passed_time":8.479499222,"remaining_time":0.399557555},
{"learn":[0.2468884703],"iteration":955,"passed_time":8.487020927,"remaining_time":0.3906160259},
{"learn":[0.2468683396],"iteration":956,"passed_time":8.494605623,"remaining_time":0.3816802945},
{"learn":[0.2468390034],"iteration":957,"passed_time":8.502318549,"remaining_time":0.3727530053},
{"learn":[0.2468037698],"iteration":958,"passed_time":8.510502425,"remaining_time":0.3638483831},
{"learn":[0.2467892012],"iteration":959,"passed_time":8.518423023,"remaining_time":0.3549342926},
{"learn":[0.2467654332],"iteration":960,"passed_time":8.526832693,"remaining_time":0.3460421176},
{"learn":[0.2467549434],"iteration":961,"passed_time":8.536392948,"remaining_time":0.337196395},
{"learn":[0.2467472388],"iteration":962,"passed_time":8.544621845,"remaining_time":0.3282980356},
{"learn":[0.246736554],"iteration":963,"passed_time":8.554077506,"remaining_time":0.3194468778},
{"learn":[0.2467145251],"iteration":964,"passed_time":8.562730747,"remaining_time":0.3105653639},
{"learn":[0.2466955092],"iteration":965,"passed_time":8.57206022,"remaining_time":0.3017081237},
{"learn":[0.2466848933],"iteration":966,"passed_time":8.586352955,"remaining_time":0.2930192839},
{"learn":[0.246653139],"iteration":967,"passed_time":8.59882136,"remaining_time":0.2842585574},
{"learn":[0.2466314663],"iteration":968,"passed_time":8.609851418,"remaining_time":0.275444163},
{"learn":[0.2466025292],"iteration":969,"passed_time":8.62165825,"remaining_time":0.2666492242},
{"learn":[0.24657556],"iteration":970,"passed_time":8.632199201,"remaining_time":0.2578102748},
{"learn":[0.2465407625],"iteration":971,"passed_time":8.644458382,"remaining_time":0.2490173196},
{"learn":[0.2465219078],"iteration":972,"passed_time":8.663923326,"remaining_time":0.240417194},
{"learn":[0.246510229],"iteration":973,"passed_time":8.675370444,"remaining_time":0.2315807305},
{"learn":[0.2464717715],"iteration":974,"passed_time":8.686533169,"remaining_time":0.2227316197},
{"learn":[0.2464628734],"iteration":975,"passed_time":8.696882382,"remaining_time":0.2138577635},
{"learn":[0.246442476],"iteration":976,"passed_time":8.706781937,"remaining_time":0.2049703015},
{"learn":[0.2464144295],"iteration":977,"passed_time":8.71736257,"remaining_time":0.1960960905},
{"learn":[0.2463954446],"iteration":978,"passed_time":8.726378704,"remaining_time":0.1871848343},
{"learn":[0.2463753599],"iteration":979,"passed_time":8.734629663,"remaining_time":0.1782577482},
{"learn":[0.2463506447],"iteration":980,"passed_time":8.743388652,"remaining_time":0.1693418801},
{"learn":[0.2463144614],"iteration":981,"passed_time":8.752482872,"remaining_time":0.1604324763},
{"learn":[0.2462780438],"iteration":982,"passed_time":8.761059266,"remaining_time":0.1515137411},
{"learn":[0.2462444526],"iteration":983,"passed_time":8.768808819,"remaining_time":0.1425822572},
{"learn":[0.2462136109],"iteration":984,"passed_time":8.775882848,"remaining_time":0.133642886},
{"learn":[0.2462046876],"iteration":985,"passed_time":8.78287759,"remaining_time":0.1247061727},
{"learn":[0.2461657862],"iteration":986,"passed_time":8.790161131,"remaining_time":0.1157771983},
{"learn":[0.2461394706],"iteration":987,"passed_time":8.797025066,"remaining_time":0.1068464583},
{"learn":[0.2461061698],"iteration":988,"passed_time":8.805114856,"remaining_time":0.09793353227},
{"learn":[0.246087268],"iteration":989,"passed_time":8.812993273,"remaining_time":0.08902013407},
{"learn":[0.2460728957],"iteration":990,"passed_time":8.820256535,"remaining_time":0.08010323795},
{"learn":[0.246054547],"iteration":991,"passed_time":8.827048818,"remaining_time":0.07118587756},
{"learn":[0.2460400708],"iteration":992,"passed_time":8.834389175,"remaining_time":0.06227666085},
{"learn":[0.2460075678],"iteration":993,"passed_time":8.842463263,"remaining_time":0.05337502975},
{"learn":[0.2459735935],"iteration":994,"passed_time":8.850862932,"remaining_time":0.04447669815},
{"learn":[0.2459651159],"iteration":995,"passed_time":8.858247381,"remaining_time":0.03557529069},
{"learn":[0.2459426728],"iteration":996,"passed_time":8.86773648,"remaining_time":0.02668325922},
{"learn":[0.2459343051],"iteration":997,"passed_time":8.875773105,"remaining_time":0.01778712045},
{"learn":[0.2459078656],"iteration":998,"passed_time":8.883683747,"remaining_time":0.008892576324},
{"learn":[0.2458816554],"iteration":999,"passed_time":8.891264246,"remaining_time":0}
]}